,VitaminC
0,2.7
1,0.0
2,0.0
3,0.0
4,16.0
5,6.3
6,0.0
7,0.0
8,7.2
9,0.5
10,0.0
11,0.0
12,1.2
13,0.0
14,0.0
15,1.7
16,1.0
17,0.7
18,3.0
19,0.0
20,0.0
21,0.0
22,0.0
23,0.9
24,
25,0.4
26,
27,0.0
28,23.0
29,0.0
30,3.2
31,0.6
32,10.5
33,0.0
34,1.6
35,1.6
36,0.0
37,0.8
38,2400.0
39,0.0
40,5.9
41,0.0
42,0.0
43,8.0
44,4.8
45,0.0
46,28.0
47,0.0
48,0.3
49,0.0
50,0.3
51,7.9
52,
53,13.1
54,7.9
55,0.0
56,1.8
57,2.8
58,0.1
59,8.8
60,9.7
61,1.0
62,0.0
63,1.0
64,
65,0.0
66,
67,0.0
68,0.0
69,26.0
70,0.0
71,1.9
72,0.0
73,1.4
74,26.3
75,2.0
76,1.5
77,
78,
79,0.0
80,0.1
81,0.3
82,32.2
83,
84,10.6
85,0.0
86,1.4
87,0.0
88,0.1
89,
90,0.0
91,15.8
92,0.0
93,
94,0.0
95,0.0
96,
97,0.0
98,
99,1.2
100,0.0
101,1.8
102,6.0
103,0.0
104,
105,0.0
106,0.0
107,0.0
108,0.0
109,54.1
110,0.2
111,0.4
112,6.2
113,
114,12.0
115,26.2
116,0.0
117,4.1
118,0.3
119,
120,
121,
122,0.0
123,0.0
124,0.9
125,
126,0.0
127,0.7
128,0.0
129,0.0
130,12.9
131,0.0
132,0.0
133,0.7
134,0.0
135,0.0
136,0.0
137,0.0
138,9.9
139,
140,0.0
141,62.5
142,155.6
143,5.0
144,0.0
145,0.0
146,20.7
147,0.1
148,0.0
149,6.0
150,
151,0.3
152,2.8
153,0.0
154,
155,0.0
156,0.0
157,5.9
158,27.4
159,1.0
160,47.0
161,14.0
162,
163,0.0
164,5.6
165,
166,25.0
167,53.2
168,0.0
169,24.9
170,21.2
171,0.4
172,0.7
173,0.0
174,85.0
175,
176,0.0
177,0.0
178,0.0
179,0.0
180,1.9
181,5.0
182,2.8
183,
184,0.8
185,0.0
186,20.0
187,0.0
188,34.0
189,7.4
190,38.2
191,1.0
192,0.0
193,0.9
194,0.3
195,
196,0.3
197,
198,0.0
199,0.0
200,0.0
201,14.8
202,23.1
203,0.0
204,0.0
205,16.5
206,0.1
207,0.0
208,0.0
209,
210,1.1
211,0.0
212,0.0
213,
214,0.1
215,0.0
216,0.0
217,0.0
218,1.2
219,17.1
220,0.0
221,21.0
222,0.0
223,0.0
224,0.0
225,2.5
226,0.7
227,0.0
228,0.0
229,0.0
230,33.3
231,0.0
232,
233,0.0
234,0.0
235,0.0
236,0.0
237,0.0
238,0.0
239,0.9
240,12.8
241,
242,1.8
243,41.2
244,0.9
245,242.5
246,0.0
247,3.3
248,7.8
249,0.0
250,10.5
251,2.4
252,3.0
253,
254,0.0
255,22.2
256,12.8
257,25.0
258,0.0
259,0.0
260,0.0
261,0.0
262,8.7
263,58.7
264,0.0
265,0.0
266,16.0
267,0.0
268,1.0
269,13.9
270,
271,0.0
272,25.0
273,0.0
274,1.9
275,0.7
276,0.0
277,0.7
278,4.8
279,0.0
280,12.0
281,
282,33.0
283,489.9
284,0.0
285,0.0
286,6.2
287,8.0
288,0.0
289,
290,0.0
291,0.2
292,11.0
293,16.0
294,0.0
295,0.0
296,0.0
297,58.2
298,0.0
299,0.0
300,1.2
301,8.5
302,0.0
303,0.0
304,20.0
305,48.2
306,19.4
307,0.0
308,8.7
309,1.7
310,0.0
311,2.2
312,54.0
313,0.0
314,8.1
315,0.0
316,0.2
317,3.7
318,0.1
319,108.8
320,0.0
321,25.0
322,0.0
323,7.0
324,0.0
325,0.0
326,0.0
327,3.0
328,4.0
329,0.0
330,0.0
331,0.0
332,0.0
333,
334,0.9
335,0.3
336,0.0
337,0.0
338,48.0
339,9.0
340,0.2
341,3.9
342,0.0
343,0.8
344,0.0
345,1.9
346,0.0
347,0.0
348,
349,0.0
350,0.0
351,26.4
352,15.1
353,
354,0.0
355,0.0
356,20.2
357,0.0
358,0.0
359,0.0
360,0.0
361,
362,21.0
363,0.0
364,13.4
365,44.0
366,0.0
367,
368,0.0
369,0.0
370,0.0
371,0.0
372,24.9
373,1.5
374,27.0
375,1.0
376,0.0
377,0.1
378,0.0
379,0.0
380,1.1
381,0.0
382,0.0
383,0.0
384,0.0
385,0.0
386,0.4
387,3.1
388,0.0
389,0.3
390,50.0
391,0.0
392,0.0
393,3.7
394,0.0
395,
396,
397,0.2
398,1.7
399,0.0
400,0.0
401,
402,0.0
403,0.3
404,0.0
405,
406,0.0
407,0.6
408,0.0
409,0.6
410,9.8
411,0.0
412,0.0
413,0.5
414,0.0
415,0.0
416,0.0
417,0.0
418,183.0
419,16.8
420,0.0
421,0.2
422,0.9
423,0.1
424,0.4
425,0.0
426,0.6
427,10.0
428,0.2
429,11.5
430,5.9
431,1.6
432,0.3
433,10.5
434,4.1
435,
436,0.0
437,0.0
438,
439,0.0
440,0.0
441,0.0
442,88.2
443,0.1
444,
445,38.4
446,1.0
447,0.2
448,13.5
449,24.5
450,0.0
451,1.1
452,0.0
453,0.4
454,0.3
455,3.8
456,2.8
457,
458,0.3
459,0.0
460,
461,18.2
462,3.7
463,5.9
464,0.0
465,0.0
466,3.0
467,0.0
468,0.4
469,0.0
470,33.9
471,0.0
472,0.0
473,
474,0.0
475,0.0
476,
477,3.2
478,10.2
479,0.0
480,1.5
481,0.0
482,0.0
483,3.1
484,0.0
485,20.0
486,27.8
487,1.0
488,42.8
489,
490,0.2
491,1.8
492,0.0
493,0.0
494,0.0
495,40.2
496,0.0
497,0.3
498,0.2
499,0.0
500,0.3
501,0.0
502,1.5
503,12.1
504,0.0
505,0.5
506,0.0
507,0.0
508,29.9
509,0.0
510,16.1
511,2.4
512,0.0
513,1.3
514,
515,0.0
516,0.0
517,
518,22.2
519,0.0
520,
521,0.0
522,0.0
523,0.0
524,0.0
525,0.0
526,2.0
527,0.0
528,0.0
529,0.0
530,
531,0.0
532,0.0
533,0.0
534,11.6
535,
536,5.8
537,0.0
538,0.0
539,0.0
540,0.0
541,133.0
542,0.0
543,9.5
544,0.0
545,17.3
546,0.0
547,0.0
548,
549,70.0
550,0.0
551,0.0
552,72.0
553,0.0
554,0.0
555,1.5
556,
557,66.0
558,0.0
559,0.0
560,21.0
561,6.5
562,0.0
563,10.5
564,0.0
565,0.7
566,127.7
567,
568,0.0
569,0.0
570,
571,7.6
572,0.0
573,15.5
574,0.1
575,0.0
576,0.0
577,0.0
578,0.0
579,0.0
580,0.0
581,0.0
582,
583,0.5
584,2.9
585,1.1
586,0.0
587,176.2
588,4.3
589,0.0
590,0.5
591,0.6
592,0.0
593,0.0
594,5.3
595,0.0
596,0.0
597,27.2
598,0.0
599,0.7
600,0.0
601,2.6
602,
603,0.6
604,0.0
605,53.4
606,0.0
607,25.0
608,0.0
609,0.1
610,0.0
611,0.0
612,0.5
613,
614,0.0
615,1.5
616,0.1
617,10.8
618,10.0
619,
620,0.0
621,0.0
622,0.0
623,0.0
624,0.0
625,0.0
626,14.0
627,
628,0.0
629,60.1
630,0.0
631,36.6
632,0.0
633,0.0
634,0.0
635,38.4
636,60.1
637,0.0
638,0.0
639,2.3
640,0.0
641,44.3
642,0.0
643,0.0
644,2.6
645,0.0
646,8.4
647,0.0
648,0.0
649,0.2
650,23.3
651,5.6
652,11.8
653,0.0
654,
655,
656,0.7
657,9.5
658,16.0
659,27.5
660,18.4
661,5.9
662,0.0
663,0.0
664,0.0
665,1.7
666,0.0
667,0.0
668,160.1
669,58.3
670,0.0
671,0.0
672,0.0
673,10.1
674,2.4
675,20.0
676,0.0
677,33.9
678,12.8
679,0.0
680,0.0
681,136.4
682,0.0
683,0.7
684,0.0
685,2.5
686,2.0
687,0.0
688,9.5
689,0.0
690,0.0
691,1.0
692,18.0
693,47.3
694,4.0
695,0.0
696,0.0
697,0.0
698,0.2
699,0.0
700,0.0
701,0.0
702,0.0
703,2.4
704,0.0
705,0.0
706,0.2
707,31.5
708,0.0
709,0.6
710,0.0
711,0.6
712,0.6
713,0.0
714,0.0
715,0.0
716,
717,0.0
718,0.0
719,0.0
720,5.5
721,0.0
722,21.0
723,0.2
724,0.0
725,0.0
726,26.8
727,0.0
728,0.0
729,0.0
730,0.0
731,0.0
732,7.9
733,7.0
734,0.0
735,24.7
736,0.7
737,0.0
738,1.8
739,50.3
740,0.0
741,17.0
742,0.0
743,1.7
744,0.0
745,0.0
746,0.0
747,38.3
748,0.4
749,0.0
750,
751,0.9
752,
753,0.0
754,10.6
755,31.3
756,0.0
757,2.4
758,7.2
759,0.0
760,0.0
761,11.5
762,1.0
763,0.0
764,0.0
765,0.0
766,0.0
767,
768,
769,0.0
770,0.0
771,0.0
772,0.0
773,
774,0.0
775,
776,
777,82.0
778,0.0
779,
780,0.1
781,0.0
782,0.0
783,13.1
784,3.0
785,0.1
786,
787,
788,0.0
789,0.0
790,0.0
791,0.0
792,0.0
793,26.6
794,92.5
795,0.0
796,23.0
797,1.3
798,0.0
799,27.1
800,0.7
801,0.0
802,0.0
803,0.0
804,2.8
805,0.0
806,0.0
807,0.0
808,0.8
809,13.5
810,0.0
811,64.5
812,0.8
813,
814,0.0
815,12.8
816,0.3
817,20.0
818,0.0
819,1677.6
820,4.9
821,32.8
822,0.0
823,0.0
824,0.0
825,0.0
826,0.0
827,1.0
828,8.0
829,10.9
830,0.0
831,58.5
832,0.0
833,0.0
834,
835,0.0
836,
837,0.0
838,3.8
839,0.0
840,0.0
841,13.5
842,2.0
843,0.0
844,0.0
845,0.0
846,34.1
847,6.0
848,0.1
849,2.5
850,
851,0.0
852,3.0
853,4.8
854,0.0
855,2.2
856,4.5
857,0.0
858,
859,0.6
860,0.0
861,0.1
862,2.8
863,0.0
864,0.2
865,0.2
866,0.0
867,5.1
868,2.8
869,0.4
870,0.0
871,12.3
872,0.3
873,0.0
874,
875,0.1
876,5.7
877,2.0
878,
879,4.1
880,2.0
881,0.0
882,0.0
883,
884,0.3
885,0.0
886,0.0
887,
888,0.1
889,0.0
890,0.0
891,29.1
892,
893,0.0
894,0.1
895,11.5
896,0.2
897,0.0
898,0.4
899,5.1
900,0.0
901,0.0
902,0.8
903,0.0
904,
905,19.2
906,0.0
907,0.0
908,0.0
909,60.0
910,0.0
911,0.2
912,6.0
913,31.1
914,0.0
915,19.3
916,28.5
917,0.0
918,0.0
919,2.0
920,0.0
921,33.0
922,1.7
923,0.0
924,3.1
925,0.0
926,
927,0.0
928,7.4
929,0.7
930,0.0
931,0.1
932,0.4
933,3.3
934,3.0
935,0.0
936,1.1
937,5.7
938,
939,
940,0.0
941,180.0
942,0.0
943,29.0
944,0.0
945,80.9
946,6.8
947,0.0
948,26.4
949,0.0
950,0.0
951,13.2
952,30.0
953,1.1
954,0.0
955,0.1
956,5.2
957,0.0
958,
959,0.0
960,1.9
961,5.6
962,4.4
963,0.0
964,
965,1.9
966,0.0
967,0.0
968,0.5
969,0.1
970,48.5
971,0.0
972,2.3
973,0.0
974,0.0
975,14.5
976,0.8
977,0.0
978,0.0
979,6.2
980,0.1
981,0.0
982,0.0
983,3.1
984,18.2
985,0.9
986,
987,0.0
988,1.0
989,
990,3.6
991,
992,0.0
993,24.7
994,0.0
995,0.0
996,1.0
997,0.0
998,1.7
999,0.0
1000,0.2
1001,0.0
1002,0.0
1003,3.2
1004,0.0
1005,0.0
1006,0.1
1007,0.0
1008,0.0
1009,
1010,0.1
1011,
1012,0.0
1013,5.9
1014,37.0
1015,0.0
1016,
1017,
1018,0.0
1019,1.0
1020,1.2
1021,0.1
1022,29.0
1023,0.0
1024,1.3
1025,1.6
1026,0.0
1027,0.0
1028,0.0
1029,4.0
1030,0.0
1031,0.1
1032,
1033,13.2
1034,5.1
1035,
1036,0.0
1037,0.0
1038,3.5
1039,
1040,31.3
1041,
1042,3.0
1043,0.0
1044,0.6
1045,0.0
1046,0.0
1047,0.0
1048,5.3
1049,57.9
1050,61.1
1051,1.7
1052,1.2
1053,0.0
1054,0.0
1055,
1056,0.0
1057,0.0
1058,7.9
1059,200.0
1060,0.0
1061,
1062,0.0
1063,0.0
1064,0.3
1065,0.0
1066,2.2
1067,0.0
1068,0.0
1069,0.0
1070,0.0
1071,
1072,0.0
1073,
1074,3.1
1075,0.0
1076,0.0
1077,15.1
1078,2.6
1079,0.0
1080,0.0
1081,4.8
1082,
1083,5.3
1084,
1085,82.0
1086,
1087,0.0
1088,0.0
1089,0.0
1090,0.0
1091,0.0
1092,5.9
1093,0.0
1094,0.0
1095,0.0
1096,0.4
1097,
1098,1.0
1099,0.0
1100,0.0
1101,2.2
1102,1.8
1103,8.7
1104,10.0
1105,0.0
1106,0.0
1107,19.4
1108,0.0
1109,1.8
1110,
1111,0.0
1112,0.0
1113,0.0
1114,43.3
1115,14.1
1116,0.0
1117,0.0
1118,0.0
1119,0.0
1120,0.0
1121,0.0
1122,0.0
1123,
1124,0.0
1125,0.0
1126,12.8
1127,0.0
1128,15.0
1129,0.8
1130,
1131,30.0
1132,0.0
1133,0.0
1134,0.7
1135,0.0
1136,2.1
1137,1.1
1138,0.0
1139,1.3
1140,0.0
1141,0.0
1142,0.1
1143,0.9
1144,0.5
1145,0.2
1146,4.4
1147,0.0
1148,0.0
1149,0.6
1150,68.0
1151,1.7
1152,0.0
1153,0.0
1154,38.7
1155,15.3
1156,0.0
1157,0.0
1158,3.3
1159,23.9
1160,19.4
1161,5.0
1162,0.0
1163,0.0
1164,0.0
1165,0.0
1166,1.1
1167,0.0
1168,0.0
1169,2.0
1170,0.0
1171,0.8
1172,0.0
1173,0.0
1174,
1175,0.0
1176,0.0
1177,88.9
1178,0.7
1179,
1180,0.2
1181,15.1
1182,0.7
1183,8.3
1184,1.7
1185,0.0
1186,0.3
1187,3.0
1188,0.2
1189,24.9
1190,0.5
1191,2.7
1192,0.0
1193,0.0
1194,11.0
1195,0.0
1196,7.0
1197,0.2
1198,0.0
1199,1.8
1200,0.0
1201,149.0
1202,0.0
1203,0.0
1204,0.1
1205,0.0
1206,22.0
1207,0.0
1208,12.0
1209,0.0
1210,
1211,0.0
1212,3.1
1213,1.6
1214,0.0
1215,0.0
1216,0.2
1217,0.0
1218,93.2
1219,0.6
1220,0.0
1221,0.8
1222,0.0
1223,0.0
1224,0.0
1225,4.4
1226,9.3
1227,6.2
1228,1.2
1229,0.0
1230,0.0
1231,4.2
1232,26.4
1233,0.0
1234,0.0
1235,1.2
1236,15.1
1237,0.0
1238,0.8
1239,0.0
1240,26.7
1241,1.8
1242,2.2
1243,0.0
1244,0.0
1245,0.0
1246,0.0
1247,6.8
1248,0.1
1249,0.0
1250,34.2
1251,0.6
1252,0.1
1253,17.0
1254,0.2
1255,0.0
1256,9.2
1257,0.0
1258,18.0
1259,0.0
1260,6.0
1261,0.0
1262,0.8
1263,2.0
1264,5.9
1265,51.4
1266,0.0
1267,0.9
1268,0.0
1269,490.0
1270,0.0
1271,0.0
1272,40.7
1273,0.0
1274,0.8
1275,34.1
1276,2.7
1277,0.0
1278,1.5
1279,
1280,0.0
1281,
1282,0.8
1283,
1284,1.8
1285,0.0
1286,0.0
1287,62.0
1288,
1289,0.0
1290,0.0
1291,
1292,10.8
1293,0.0
1294,0.0
1295,0.0
1296,0.0
1297,
1298,0.0
1299,0.0
1300,31.3
1301,0.0
1302,0.0
1303,0.0
1304,8.2
1305,0.0
1306,0.6
1307,1.0
1308,12.4
1309,4.2
1310,5.1
1311,1.4
1312,2.3
1313,0.0
1314,
1315,130.0
1316,16.7
1317,0.0
1318,32.0
1319,0.2
1320,0.7
1321,0.0
1322,16.0
1323,0.0
1324,0.0
1325,0.0
1326,1.2
1327,26.5
1328,
1329,0.0
1330,
1331,28.9
1332,51.7
1333,0.0
1334,2.2
1335,0.0
1336,7.7
1337,0.0
1338,0.0
1339,0.0
1340,5.0
1341,0.8
1342,0.1
1343,0.0
1344,0.0
1345,0.0
1346,0.7
1347,0.0
1348,0.3
1349,1.0
1350,0.3
1351,0.1
1352,0.0
1353,
1354,54.0
1355,0.0
1356,0.0
1357,0.0
1358,0.1
1359,0.1
1360,0.2
1361,1.6
1362,93.2
1363,0.0
1364,0.0
1365,0.9
1366,0.0
1367,0.0
1368,4.9
1369,0.0
1370,0.0
1371,0.0
1372,1.2
1373,0.0
1374,0.0
1375,0.0
1376,0.0
1377,12.7
1378,39.1
1379,0.0
1380,0.0
1381,4.1
1382,0.6
1383,15.8
1384,0.0
1385,1.0
1386,6.3
1387,
1388,0.0
1389,0.0
1390,2.5
1391,0.0
1392,0.0
1393,15.9
1394,0.0
1395,0.0
1396,
1397,25.2
1398,54.5
1399,7.9
1400,0.0
1401,1.8
1402,
1403,4.1
1404,0.0
1405,0.0
1406,0.0
1407,0.0
1408,1.7
1409,0.0
1410,0.0
1411,0.2
1412,0.0
1413,0.0
1414,3.0
1415,0.0
1416,0.0
1417,0.0
1418,0.0
1419,0.3
1420,0.0
1421,7.9
1422,0.0
1423,0.0
1424,0.0
1425,0.3
1426,26.9
1427,0.0
1428,0.2
1429,0.0
1430,0.0
1431,0.0
1432,0.0
1433,0.0
1434,0.0
1435,0.0
1436,0.7
1437,0.0
1438,0.0
1439,7.8
1440,0.0
1441,0.0
1442,1.3
1443,0.8
1444,2.8
1445,1.7
1446,0.0
1447,0.0
1448,0.0
1449,5.2
1450,0.0
1451,17.0
1452,0.0
1453,1.9
1454,
1455,16.0
1456,0.0
1457,0.0
1458,0.0
1459,0.9
1460,0.0
1461,0.5
1462,
1463,6.0
1464,0.0
1465,0.1
1466,1.8
1467,1.8
1468,0.0
1469,4.5
1470,1.8
1471,37.0
1472,2.9
1473,8.1
1474,0.0
1475,0.0
1476,0.0
1477,90.3
1478,42.6
1479,0.0
1480,0.0
1481,0.0
1482,1.9
1483,
1484,0.9
1485,0.0
1486,0.0
1487,15.9
1488,13.7
1489,
1490,12.5
1491,0.0
1492,0.0
1493,5.5
1494,0.1
1495,0.0
1496,0.9
1497,81.0
1498,12.0
1499,0.0
1500,0.0
1501,57.3
1502,
1503,3.0
1504,11.3
1505,0.0
1506,1.0
1507,
1508,0.0
1509,28.1
1510,7.5
1511,0.0
1512,0.0
1513,0.0
1514,0.0
1515,0.9
1516,28.3
1517,21.8
1518,9.0
1519,0.5
1520,1.7
1521,49.4
1522,1.6
1523,
1524,0.5
1525,0.0
1526,0.1
1527,0.0
1528,0.5
1529,0.0
1530,2.3
1531,0.0
1532,0.0
1533,0.0
1534,0.2
1535,4.6
1536,
1537,0.0
1538,31.5
1539,4.0
1540,1.2
1541,18.3
1542,0.0
1543,0.0
1544,0.0
1545,0.0
1546,
1547,0.0
1548,0.0
1549,0.4
1550,4.8
1551,0.0
1552,6.0
1553,0.0
1554,0.0
1555,239.7
1556,1.5
1557,0.0
1558,0.0
1559,0.0
1560,
1561,0.0
1562,0.0
1563,0.0
1564,
1565,0.0
1566,6.0
1567,
1568,0.0
1569,0.0
1570,0.0
1571,0.0
1572,5.3
1573,0.0
1574,42.0
1575,0.7
1576,0.0
1577,2.8
1578,52.0
1579,0.0
1580,
1581,0.0
1582,0.0
1583,0.0
1584,0.1
1585,0.0
1586,27.7
1587,0.0
1588,0.4
1589,47.3
1590,
1591,3.8
1592,0.0
1593,9.6
1594,0.0
1595,0.0
1596,2.8
1597,48.4
1598,0.0
1599,0.0
1600,0.0
1601,0.6
1602,14.3
1603,0.0
1604,13.1
1605,0.0
1606,8.7
1607,2.0
1608,0.0
1609,
1610,0.3
1611,6.0
1612,0.0
1613,0.0
1614,0.0
1615,94.2
1616,27.0
1617,0.0
1618,0.0
1619,0.0
1620,0.0
1621,0.0
1622,0.0
1623,2.3
1624,1.3
1625,
1626,0.0
1627,0.0
1628,17.0
1629,0.0
1630,
1631,
1632,
1633,
1634,
1635,
1636,29.0
1637,2.2
1638,1.0
1639,0.0
1640,0.0
1641,0.0
1642,0.0
1643,0.0
1644,5.3
1645,25.4
1646,0.0
1647,0.0
1648,0.0
1649,0.0
1650,0.7
1651,12.9
1652,0.0
1653,
1654,
1655,0.0
1656,1.8
1657,0.0
1658,0.0
1659,0.0
1660,0.0
1661,23.4
1662,0.7
1663,2.9
1664,0.0
1665,0.8
1666,14.1
1667,0.0
1668,0.0
1669,1.0
1670,0.0
1671,27.3
1672,0.0
1673,1.4
1674,0.0
1675,0.0
1676,102.0
1677,0.0
1678,0.0
1679,1.9
1680,0.0
1681,0.2
1682,0.0
1683,0.0
1684,0.0
1685,8.7
1686,0.0
1687,6.2
1688,1.5
1689,1.6
1690,67.5
1691,12.9
1692,3.2
1693,0.0
1694,8.4
1695,0.4
1696,0.0
1697,0.0
1698,0.0
1699,0.5
1700,
1701,0.0
1702,0.0
1703,0.0
1704,0.0
1705,11.9
1706,10.0
1707,0.0
1708,0.0
1709,0.0
1710,1.2
1711,0.0
1712,0.0
1713,2.5
1714,11.3
1715,62.0
1716,0.1
1717,0.0
1718,0.9
1719,0.9
1720,0.0
1721,0.0
1722,0.0
1723,0.0
1724,0.0
1725,0.0
1726,0.4
1727,6.2
1728,0.0
1729,38.0
1730,32.4
1731,16.7
1732,0.0
1733,68.0
1734,0.0
1735,6.0
1736,0.0
1737,0.6
1738,0.8
1739,0.0
1740,
1741,31.8
1742,0.0
1743,0.0
1744,0.0
1745,1.8
1746,9.8
1747,3.3
1748,0.0
1749,0.0
1750,6.2
1751,0.0
1752,0.0
1753,0.0
1754,2.0
1755,129.0
1756,0.2
1757,
1758,
1759,0.2
1760,0.3
1761,4.6
1762,0.0
1763,0.0
1764,0.0
1765,0.0
1766,4.2
1767,6.5
1768,0.0
1769,23.6
1770,0.0
1771,3.7
1772,15.1
1773,0.9
1774,0.0
1775,1.7
1776,
1777,
1778,4.9
1779,1.9
1780,0.0
1781,53.0
1782,
1783,0.0
1784,0.3
1785,0.0
1786,18.2
1787,0.0
1788,
1789,0.0
1790,2.1
1791,
1792,1.2
1793,0.0
1794,0.7
1795,20.0
1796,0.2
1797,0.0
1798,0.3
1799,11.4
1800,0.0
1801,2.1
1802,0.0
1803,0.0
1804,0.1
1805,1.0
1806,0.0
1807,
1808,34.2
1809,0.4
1810,0.0
1811,0.2
1812,
1813,20.6
1814,0.0
1815,0.0
1816,0.6
1817,0.3
1818,0.9
1819,0.0
1820,11.4
1821,0.0
1822,0.0
1823,1.0
1824,12.9
1825,0.0
1826,0.0
1827,
1828,0.0
1829,
1830,0.0
1831,0.0
1832,0.0
1833,0.0
1834,0.2
1835,0.2
1836,1.2
1837,1.5
1838,0.0
1839,0.0
1840,0.0
1841,0.3
1842,0.0
1843,0.0
1844,4.0
1845,2.0
1846,0.0
1847,0.2
1848,1.8
1849,0.0
1850,0.0
1851,0.0
1852,0.0
1853,0.8
1854,2.9
1855,0.0
1856,7.9
1857,29.6
1858,120.0
1859,0.0
1860,
1861,0.0
1862,0.0
1863,0.0
1864,0.0
1865,0.0
1866,0.0
1867,0.0
1868,39.5
1869,
1870,0.4
1871,
1872,0.0
1873,1.8
1874,
1875,0.0
1876,21.1
1877,0.7
1878,8.0
1879,
1880,0.0
1881,0.6
1882,0.0
1883,13.2
1884,0.4
1885,0.0
1886,0.0
1887,9.0
1888,10.0
1889,17.6
1890,0.0
1891,0.0
1892,0.0
1893,
1894,0.0
1895,0.0
1896,0.0
1897,0.0
1898,0.0
1899,
1900,0.0
1901,0.7
1902,0.0
1903,0.1
1904,0.0
1905,0.7
1906,0.0
1907,0.0
1908,24.4
1909,42.0
1910,
1911,0.0
1912,0.0
1913,33.8
1914,17.0
1915,7.9
1916,1.2
1917,0.0
1918,0.0
1919,9.7
1920,0.0
1921,0.0
1922,0.0
1923,0.0
1924,
1925,11.7
1926,0.0
1927,0.2
1928,0.0
1929,0.0
1930,0.0
1931,59.4
1932,0.4
1933,0.0
1934,6.2
1935,0.0
1936,
1937,0.0
1938,0.0
1939,0.0
1940,15.3
1941,0.0
1942,2.5
1943,0.0
1944,
1945,13.7
1946,31.4
1947,1.4
1948,0.0
1949,0.0
1950,1.0
1951,171.0
1952,0.5
1953,29.6
1954,32.1
1955,0.0
1956,0.5
1957,0.0
1958,0.0
1959,0.0
1960,0.2
1961,
1962,0.7
1963,6.5
1964,34.4
1965,
1966,92.3
1967,0.0
1968,0.0
1969,2.3
1970,
1971,24.0
1972,0.0
1973,15.1
1974,0.1
1975,
1976,1.0
1977,0.0
1978,0.1
1979,41.0
1980,47.8
1981,4.7
1982,1.6
1983,1.0
1984,0.0
1985,
1986,0.0
1987,
1988,0.0
1989,2.0
1990,0.0
1991,0.7
1992,1.0
1993,
1994,4.0
1995,0.0
1996,0.0
1997,3.5
1998,
1999,0.0
2000,
2001,0.0
2002,
2003,0.0
2004,0.0
2005,61.0
2006,0.0
2007,0.0
2008,0.0
2009,0.0
2010,
2011,16.0
2012,108.6
2013,0.0
2014,31.0
2015,0.2
2016,21.6
2017,0.0
2018,2.6
2019,0.0
2020,0.0
2021,
2022,25.0
2023,1.4
2024,0.1
2025,5.4
2026,0.0
2027,0.0
2028,1.0
2029,0.0
2030,
2031,4.0
2032,45.8
2033,0.0
2034,17.6
2035,0.9
2036,0.0
2037,
2038,84.9
2039,260.8
2040,40.1
2041,0.0
2042,17.6
2043,0.0
2044,0.0
2045,0.0
2046,0.0
2047,144.8
2048,0.0
2049,2.4
2050,0.6
2051,0.1
2052,0.0
2053,0.0
2054,0.1
2055,0.8
2056,0.1
2057,11.4
2058,0.0
2059,0.0
2060,47.3
2061,0.9
2062,0.0
2063,0.0
2064,0.4
2065,0.0
2066,0.0
2067,0.0
2068,0.0
2069,0.0
2070,4.0
2071,
2072,1.8
2073,5.7
2074,29.8
2075,23.3
2076,0.0
2077,0.0
2078,4.4
2079,0.3
2080,0.0
2081,6.8
2082,0.0
2083,0.0
2084,0.0
2085,0.0
2086,
2087,0.0
2088,57.0
2089,0.2
2090,0.0
2091,0.0
2092,0.2
2093,0.0
2094,0.0
2095,0.0
2096,0.0
2097,1.1
2098,5.5
2099,3.6
2100,0.0
2101,0.0
2102,0.1
2103,1.1
2104,0.9
2105,20.0
2106,24.7
2107,0.0
2108,6.0
2109,12.3
2110,0.0
2111,0.0
2112,33.0
2113,39.0
2114,0.0
2115,0.0
2116,2.1
2117,0.0
2118,1.1
2119,0.0
2120,0.0
2121,0.0
2122,0.0
2123,0.0
2124,26.2
2125,0.0
2126,120.0
2127,0.0
2128,3.2
2129,0.0
2130,0.0
2131,43.0
2132,0.0
2133,0.0
2134,0.5
2135,0.3
2136,8.3
2137,
2138,1.1
2139,0.0
2140,0.2
2141,2.5
2142,0.0
2143,0.0
2144,1.4
2145,22.2
2146,0.6
2147,0.0
2148,0.8
2149,0.0
2150,0.0
2151,4.1
2152,0.0
2153,
2154,0.0
2155,1.0
2156,0.0
2157,0.0
2158,1.0
2159,0.1
2160,
2161,1.8
2162,0.0
2163,0.0
2164,0.0
2165,69.0
2166,10.0
2167,
2168,0.0
2169,0.0
2170,0.0
2171,0.0
2172,0.8
2173,20.0
2174,0.0
2175,29.1
2176,0.0
2177,8.0
2178,0.0
2179,0.0
2180,0.0
2181,0.0
2182,0.0
2183,0.0
2184,0.0
2185,
2186,0.0
2187,0.0
2188,0.7
2189,0.1
2190,0.0
2191,0.0
2192,22.0
2193,0.0
2194,0.0
2195,0.0
2196,0.1
2197,0.0
2198,9.1
2199,0.0
2200,8.6
2201,0.3
2202,0.1
2203,0.0
2204,0.0
2205,12.0
2206,
2207,0.0
2208,7.5
2209,19.5
2210,63.3
2211,1.0
2212,0.0
2213,5.5
2214,2.0
2215,0.0
2216,0.3
2217,0.0
2218,3.5
2219,0.0
2220,
2221,54.5
2222,0.0
2223,0.0
2224,0.0
2225,0.0
2226,43.8
2227,1.0
2228,41.0
2229,0.0
2230,0.0
2231,0.8
2232,51.0
2233,0.0
2234,0.0
2235,0.0
2236,0.5
2237,11.1
2238,0.0
2239,0.0
2240,0.0
2241,4.1
2242,0.0
2243,0.0
2244,
2245,8.5
2246,14.0
2247,0.0
2248,0.0
2249,0.0
2250,10.8
2251,0.0
2252,0.0
2253,2.5
2254,0.0
2255,0.0
2256,29.6
2257,0.0
2258,0.6
2259,0.0
2260,183.5
2261,0.0
2262,0.8
2263,0.1
2264,0.0
2265,0.0
2266,
2267,13.5
2268,33.0
2269,0.5
2270,0.0
2271,20.0
2272,3.3
2273,8.2
2274,0.0
2275,3.8
2276,0.1
2277,
2278,3.6
2279,141.0
2280,
2281,0.0
2282,0.0
2283,
2284,4.4
2285,0.0
2286,13.7
2287,37.9
2288,13.9
2289,0.5
2290,
2291,0.0
2292,0.0
2293,0.0
2294,0.0
2295,0.0
2296,21.6
2297,25.2
2298,0.0
2299,3.2
2300,41.2
2301,1.4
2302,0.0
2303,5.7
2304,26.4
2305,0.5
2306,12.8
2307,40.1
2308,0.0
2309,0.0
2310,12.7
2311,21.0
2312,0.6
2313,0.3
2314,0.0
2315,0.0
2316,
2317,
2318,0.0
2319,0.0
2320,103.8
2321,0.0
2322,0.0
2323,0.0
2324,0.0
2325,0.4
2326,0.0
2327,0.0
2328,52.8
2329,0.0
2330,33.6
2331,0.0
2332,0.0
2333,0.0
2334,0.0
2335,0.0
2336,0.0
2337,0.0
2338,2.4
2339,10.0
2340,
2341,0.1
2342,0.7
2343,0.0
2344,0.0
2345,0.0
2346,18.9
2347,1.0
2348,33.9
2349,0.0
2350,0.0
2351,0.0
2352,0.6
2353,0.7
2354,0.0
2355,30.0
2356,0.0
2357,0.2
2358,0.0
2359,
2360,0.0
2361,0.0
2362,1.0
2363,1.0
2364,2.7
2365,0.0
2366,13.5
2367,0.0
2368,0.0
2369,0.0
2370,18.8
2371,0.0
2372,0.1
2373,0.0
2374,13.6
2375,0.0
2376,0.0
2377,1.4
2378,0.0
2379,0.0
2380,0.0
2381,0.0
2382,15.1
2383,0.0
2384,0.0
2385,0.0
2386,0.5
2387,31.8
2388,0.0
2389,2.7
2390,46.0
2391,4.4
2392,0.0
2393,0.0
2394,0.0
2395,15.5
2396,0.0
2397,38.5
2398,56.6
2399,9.6
2400,0.0
2401,2.6
2402,0.0
2403,0.0
2404,0.6
2405,0.4
2406,0.0
2407,5.0
2408,0.0
2409,0.0
2410,0.0
2411,46.5
2412,0.7
2413,0.0
2414,125.0
2415,10.4
2416,0.2
2417,50.0
2418,16.4
2419,28.1
2420,0.0
2421,1.3
2422,
2423,0.0
2424,
2425,1.0
2426,0.0
2427,
2428,0.7
2429,1.0
2430,
2431,1.2
2432,0.6
2433,0.0
2434,32.5
2435,18.9
2436,1.0
2437,0.0
2438,34.1
2439,0.0
2440,0.2
2441,0.1
2442,6.8
2443,0.0
2444,
2445,0.3
2446,0.0
2447,0.0
2448,
2449,
2450,0.0
2451,40.7
2452,0.0
2453,0.7
2454,
2455,0.4
2456,4.2
2457,0.0
2458,0.1
2459,0.0
2460,
2461,0.5
2462,0.0
2463,
2464,0.0
2465,1.3
2466,8.8
2467,0.0
2468,0.0
2469,0.0
2470,2.1
2471,0.0
2472,
2473,
2474,0.1
2475,0.8
2476,0.0
2477,0.0
2478,0.0
2479,0.0
2480,0.0
2481,0.0
2482,0.1
2483,0.0
2484,
2485,0.0
2486,0.0
2487,0.0
2488,0.0
2489,0.0
2490,
2491,0.0
2492,10.0
2493,
2494,1.9
2495,
2496,0.0
2497,0.0
2498,0.0
2499,0.0
2500,0.0
2501,0.5
2502,0.0
2503,
2504,
2505,0.0
2506,0.6
2507,0.6
2508,3.2
2509,2.1
2510,27.7
2511,24.4
2512,1.2
2513,82.7
2514,0.0
2515,0.5
2516,1.1
2517,
2518,0.0
2519,6.7
2520,0.0
2521,2.0
2522,3.8
2523,0.0
2524,0.0
2525,
2526,0.0
2527,0.0
2528,0.0
2529,0.4
2530,0.0
2531,4.3
2532,0.0
2533,0.0
2534,2.3
2535,3.7
2536,
2537,47.9
2538,0.0
2539,0.3
2540,0.0
2541,0.9
2542,0.0
2543,0.0
2544,
2545,0.0
2546,1.7
2547,0.0
2548,0.0
2549,0.3
2550,12.0
2551,0.0
2552,
2553,
2554,11.7
2555,0.0
2556,22.3
2557,0.0
2558,0.0
2559,0.0
2560,3.0
2561,
2562,10.6
2563,0.0
2564,2.7
2565,0.7
2566,0.0
2567,0.0
2568,0.0
2569,0.0
2570,0.0
2571,0.6
2572,0.0
2573,0.0
2574,0.0
2575,0.0
2576,0.0
2577,13.7
2578,0.0
2579,0.0
2580,22.2
2581,54.0
2582,0.0
2583,8.0
2584,0.8
2585,0.0
2586,0.0
2587,16.0
2588,34.6
2589,0.0
2590,
2591,9.3
2592,2.8
2593,
2594,6.5
2595,6.6
2596,13.1
2597,0.2
2598,0.0
2599,6.2
2600,1.7
2601,2.3
2602,0.0
2603,
2604,0.0
2605,0.0
2606,31.0
2607,0.9
2608,6.1
2609,0.0
2610,0.0
2611,0.0
2612,1.2
2613,0.0
2614,0.1
2615,0.2
2616,0.0
2617,13.0
2618,0.0
2619,0.0
2620,0.0
2621,0.0
2622,
2623,0.0
2624,0.0
2625,1900.0
2626,3.8
2627,72.6
2628,0.0
2629,27.1
2630,0.0
2631,2.1
2632,0.0
2633,
2634,1.4
2635,4.5
2636,0.0
2637,0.0
2638,60.0
2639,0.0
2640,0.0
2641,0.0
2642,0.0
2643,0.0
2644,0.0
2645,0.0
2646,0.0
2647,0.0
2648,0.0
2649,0.0
2650,31.2
2651,0.0
2652,0.0
2653,0.8
2654,0.0
2655,0.0
2656,0.8
2657,0.0
2658,0.3
2659,70.1
2660,
2661,0.0
2662,0.0
2663,36.4
2664,0.7
2665,0.0
2666,0.1
2667,0.0
2668,0.0
2669,0.0
2670,0.0
2671,3.8
2672,58.3
2673,0.0
2674,4.0
2675,0.0
2676,0.9
2677,
2678,0.0
2679,68.0
2680,0.0
2681,0.0
2682,
2683,4.2
2684,0.0
2685,0.7
2686,
2687,0.1
2688,0.0
2689,0.0
2690,0.0
2691,
2692,5.0
2693,0.1
2694,1.2
2695,0.5
2696,2.3
2697,38.0
2698,0.4
2699,0.0
2700,0.0
2701,0.0
2702,0.0
2703,0.0
2704,0.0
2705,0.0
2706,1.0
2707,2.2
2708,0.0
2709,1.0
2710,0.0
2711,30.0
2712,0.0
2713,0.0
2714,55.6
2715,16.7
2716,0.0
2717,0.0
2718,0.0
2719,0.0
2720,0.0
2721,0.4
2722,
2723,
2724,0.0
2725,0.7
2726,3.0
2727,3.1
2728,21.4
2729,0.0
2730,0.0
2731,0.0
2732,0.0
2733,3.1
2734,
2735,27.4
2736,15.7
2737,0.8
2738,
2739,0.0
2740,0.0
2741,1.3
2742,0.0
2743,0.3
2744,0.0
2745,18.0
2746,1.7
2747,5.0
2748,0.0
2749,1.2
2750,37.0
2751,0.0
2752,144.4
2753,2.1
2754,1.0
2755,0.0
2756,0.0
2757,0.0
2758,0.0
2759,0.0
2760,7.1
2761,0.1
2762,0.3
2763,9.5
2764,0.0
2765,9.8
2766,
2767,0.2
2768,0.0
2769,24.7
2770,0.0
2771,0.0
2772,3.4
2773,0.0
2774,1.0
2775,0.1
2776,0.0
2777,0.0
2778,0.0
2779,0.0
2780,0.7
2781,6.3
2782,0.0
2783,0.0
2784,0.0
2785,0.0
2786,0.0
2787,0.0
2788,24.4
2789,32.1
2790,0.0
2791,0.0
2792,0.6
2793,0.0
2794,0.0
2795,3.8
2796,0.1
2797,0.0
2798,1.3
2799,0.8
2800,18.8
2801,7.5
2802,0.0
2803,
2804,2.0
2805,0.0
2806,0.0
2807,0.5
2808,0.1
2809,1.2
2810,
2811,71.3
2812,0.0
2813,19.3
2814,4.2
2815,0.8
2816,0.0
2817,3.3
2818,22.0
2819,0.0
2820,
2821,0.2
2822,28.1
2823,
2824,17.3
2825,6.1
2826,6.4
2827,0.0
2828,0.0
2829,
2830,17.1
2831,
2832,0.8
2833,25.0
2834,0.0
2835,0.0
2836,0.0
2837,0.7
2838,
2839,0.0
2840,0.0
2841,0.0
2842,0.0
2843,0.0
2844,0.0
2845,18.0
2846,0.0
2847,
2848,19.3
2849,2.9
2850,0.0
2851,10.0
2852,19.4
2853,4.0
2854,0.7
2855,7.0
2856,0.0
2857,3.2
2858,25.0
2859,2.3
2860,0.0
2861,
2862,0.0
2863,0.0
2864,1.1
2865,0.0
2866,0.1
2867,0.0
2868,
2869,0.0
2870,0.0
2871,0.0
2872,0.0
2873,0.0
2874,0.0
2875,0.0
2876,0.0
2877,0.0
2878,58.8
2879,0.0
2880,0.0
2881,0.0
2882,11.3
2883,0.0
2884,1.0
2885,0.0
2886,11.7
2887,0.0
2888,
2889,
2890,0.0
2891,0.0
2892,12.6
2893,0.0
2894,0.5
2895,0.0
2896,0.0
2897,1.0
2898,1.0
2899,0.0
2900,1.5
2901,0.0
2902,
2903,1.6
2904,0.0
2905,0.0
2906,1.2
2907,181.0
2908,0.0
2909,60.0
2910,0.9
2911,1.2
2912,0.0
2913,0.0
2914,1.0
2915,0.0
2916,0.5
2917,1.7
2918,13.3
2919,1.3
2920,0.0
2921,0.0
2922,50.0
2923,0.0
2924,17.0
2925,0.1
2926,0.4
2927,0.3
2928,0.0
2929,
2930,0.0
2931,0.0
2932,2.4
2933,22.6
2934,0.4
2935,0.0
2936,
2937,0.0
2938,
2939,0.0
2940,0.0
2941,0.0
2942,3.6
2943,0.0
2944,0.0
2945,0.0
2946,0.0
2947,
2948,11.8
2949,0.3
2950,0.1
2951,0.0
2952,0.0
2953,4.8
2954,0.0
2955,9.9
2956,0.0
2957,0.0
2958,0.0
2959,0.0
2960,
2961,0.0
2962,
2963,0.0
2964,
2965,
2966,0.0
2967,18.8
2968,0.0
2969,21.5
2970,9.0
2971,34.9
2972,0.0
2973,0.0
2974,
2975,0.0
2976,24.0
2977,0.0
2978,
2979,25.0
2980,
2981,39.0
2982,0.0
2983,29.0
2984,0.9
2985,0.5
2986,0.0
2987,3.9
2988,0.0
2989,18.2
2990,
2991,0.0
2992,2.9
2993,0.0
2994,0.0
2995,4.7
2996,43.0
2997,0.0
2998,0.0
2999,0.0
3000,0.4
3001,0.0
3002,0.0
3003,0.0
3004,26.3
3005,0.0
3006,0.0
3007,0.0
3008,0.0
3009,0.0
3010,22.2
3011,
3012,0.0
3013,0.0
3014,0.0
3015,0.0
3016,0.0
3017,0.3
3018,6.0
3019,
3020,96.0
3021,0.0
3022,0.0
3023,0.0
3024,0.0
3025,0.0
3026,0.0
3027,37.0
3028,40.1
3029,1.2
3030,2.0
3031,0.0
3032,0.0
3033,
3034,0.0
3035,
3036,54.0
3037,3.8
3038,0.0
3039,0.0
3040,1.0
3041,0.0
3042,
3043,11.5
3044,143.7
3045,0.0
3046,0.0
3047,30.7
3048,55.6
3049,0.0
3050,0.0
3051,0.0
3052,0.0
3053,0.0
3054,0.0
3055,0.0
3056,0.0
3057,0.2
3058,0.0
3059,0.0
3060,0.8
3061,0.0
3062,0.0
3063,0.0
3064,20.0
3065,0.0
3066,0.0
3067,
3068,0.0
3069,0.0
3070,0.0
3071,0.0
3072,31.3
3073,13.3
3074,2.0
3075,0.0
3076,0.0
3077,0.0
3078,0.0
3079,
3080,6.2
3081,250.0
3082,1342.3
3083,0.0
3084,0.7
3085,0.0
3086,0.0
3087,0.0
3088,0.0
3089,0.0
3090,
3091,0.0
3092,0.0
3093,0.0
3094,
3095,2.4
3096,0.0
3097,0.0
3098,0.8
3099,0.0
3100,31.3
3101,20.0
3102,0.0
3103,0.0
3104,1.3
3105,
3106,0.0
3107,0.0
3108,
3109,0.0
3110,0.0
3111,1.9
3112,0.0
3113,0.0
3114,
3115,7.6
3116,0.3
3117,0.8
3118,15.8
3119,15.1
3120,0.1
3121,0.5
3122,0.0
3123,0.0
3124,0.0
3125,97.0
3126,0.0
3127,1.4
3128,29.3
3129,0.0
3130,1.4
3131,0.0
3132,38.0
3133,0.0
3134,0.0
3135,
3136,68.0
3137,3.3
3138,0.0
3139,0.0
3140,0.0
3141,22.2
3142,0.9
3143,0.0
3144,0.0
3145,21.4
3146,16.9
3147,0.0
3148,0.0
3149,
3150,0.0
3151,0.0
3152,0.3
3153,0.0
3154,0.0
3155,2.3
3156,0.0
3157,0.2
3158,
3159,0.5
3160,
3161,0.0
3162,0.1
3163,0.0
3164,0.0
3165,0.0
3166,0.0
3167,0.0
3168,3.4
3169,1.2
3170,0.0
3171,0.0
3172,19.7
3173,0.0
3174,22.5
3175,
3176,0.3
3177,20.3
3178,0.3
3179,
3180,1.3
3181,0.0
3182,0.0
3183,12.6
3184,32.9
3185,0.0
3186,0.0
3187,0.5
3188,0.0
3189,57.0
3190,0.0
3191,3.8
3192,1.0
3193,0.0
3194,
3195,0.0
3196,0.5
3197,0.0
3198,0.0
3199,0.0
3200,0.0
3201,0.4
3202,0.0
3203,0.8
3204,0.0
3205,1.5
3206,12.0
3207,0.8
3208,0.1
3209,0.0
3210,28.0
3211,0.0
3212,0.0
3213,0.0
3214,6.0
3215,0.0
3216,2.1
3217,0.5
3218,0.0
3219,0.0
3220,0.8
3221,1.8
3222,0.0
3223,0.0
3224,0.3
3225,0.0
3226,0.0
3227,0.0
3228,2.8
3229,
3230,0.0
3231,0.0
3232,0.0
3233,1.2
3234,
3235,6.4
3236,61.1
3237,0.0
3238,0.0
3239,0.0
3240,14.0
3241,0.0
3242,0.0
3243,0.0
3244,12.3
3245,0.0
3246,13.0
3247,61.0
3248,0.0
3249,0.0
3250,0.0
3251,0.0
3252,
3253,0.0
3254,0.0
3255,7.2
3256,
3257,0.8
3258,
3259,0.0
3260,0.0
3261,38.5
3262,48.4
3263,2.0
3264,1.1
3265,
3266,0.3
3267,0.6
3268,1.0
3269,0.0
3270,19.0
3271,0.0
3272,0.0
3273,0.0
3274,0.0
3275,31.3
3276,
3277,0.0
3278,5.9
3279,0.0
3280,0.0
3281,0.0
3282,2.4
3283,0.0
3284,0.0
3285,75.0
3286,0.0
3287,0.8
3288,0.0
3289,2.3
3290,0.0
3291,0.0
3292,0.0
3293,31.5
3294,
3295,21.0
3296,0.0
3297,0.0
3298,0.0
3299,2.7
3300,0.0
3301,0.0
3302,0.0
3303,0.9
3304,1.5
3305,0.0
3306,0.6
3307,25.0
3308,0.0
3309,0.0
3310,0.0
3311,0.0
3312,2.2
3313,0.0
3314,0.7
3315,0.0
3316,0.9
3317,144.8
3318,0.1
3319,0.0
3320,0.0
3321,7.2
3322,0.0
3323,
3324,0.0
3325,48.8
3326,0.3
3327,0.0
3328,25.8
3329,1.0
3330,0.0
3331,0.0
3332,0.6
3333,0.0
3334,2.7
3335,
3336,0.0
3337,0.0
3338,0.7
3339,18.3
3340,0.2
3341,0.0
3342,0.0
3343,4.1
3344,
3345,0.0
3346,200.0
3347,0.0
3348,42.0
3349,0.0
3350,0.0
3351,62.0
3352,0.0
3353,8.1
3354,0.0
3355,0.0
3356,0.0
3357,0.0
3358,0.0
3359,0.0
3360,1.2
3361,0.5
3362,0.7
3363,2.3
3364,0.0
3365,74.4
3366,0.0
3367,0.0
3368,0.0
3369,0.0
3370,3.1
3371,5.6
3372,9.5
3373,13.8
3374,13.0
3375,0.0
3376,0.0
3377,0.0
3378,9.7
3379,0.0
3380,0.0
3381,0.0
3382,0.0
3383,20.0
3384,0.0
3385,2.0
3386,0.0
3387,0.0
3388,11.6
3389,21.6
3390,0.0
3391,30.0
3392,0.3
3393,0.0
3394,0.0
3395,8.2
3396,0.0
3397,8.5
3398,28.0
3399,1.5
3400,0.0
3401,0.0
3402,
3403,0.7
3404,1.4
3405,17.6
3406,5.0
3407,16.3
3408,4.8
3409,1.0
3410,0.0
3411,0.0
3412,59.1
3413,
3414,
3415,0.4
3416,1.9
3417,
3418,0.5
3419,0.0
3420,0.0
3421,0.0
3422,
3423,0.0
3424,24.0
3425,0.0
3426,0.0
3427,0.0
3428,0.0
3429,
3430,21.8
3431,0.0
3432,66.8
3433,0.0
3434,0.0
3435,0.0
3436,27.9
3437,0.0
3438,0.0
3439,0.9
3440,0.0
3441,
3442,47.9
3443,0.0
3444,0.6
3445,0.7
3446,0.0
3447,0.0
3448,0.0
3449,0.0
3450,
3451,
3452,0.0
3453,0.0
3454,32.3
3455,0.0
3456,33.6
3457,30.4
3458,15.9
3459,0.0
3460,0.0
3461,0.1
3462,0.0
3463,0.0
3464,0.0
3465,1.5
3466,0.0
3467,52.0
3468,4.2
3469,0.0
3470,0.0
3471,
3472,92.9
3473,0.0
3474,24.7
3475,0.0
3476,3.2
3477,0.3
3478,0.0
3479,29.6
3480,0.9
3481,0.0
3482,29.3
3483,0.0
3484,5.9
3485,0.0
3486,2.5
3487,11.2
3488,11.2
3489,
3490,3.8
3491,
3492,0.0
3493,0.0
3494,0.0
3495,
3496,0.4
3497,0.0
3498,0.0
3499,0.0
3500,9.1
3501,15.0
3502,0.0
3503,0.0
3504,7.7
3505,0.0
3506,1.1
3507,0.2
3508,158.0
3509,0.0
3510,0.0
3511,0.0
3512,0.0
3513,0.0
3514,0.0
3515,0.0
3516,0.0
3517,0.0
3518,0.0
3519,0.8
3520,
3521,0.0
3522,136.0
3523,0.3
3524,
3525,0.0
3526,0.0
3527,0.0
3528,5.9
3529,0.0
3530,0.0
3531,0.0
3532,3.2
3533,0.0
3534,0.0
3535,0.0
3536,0.2
3537,0.0
3538,25.0
3539,0.4
3540,0.0
3541,0.0
3542,
3543,0.0
3544,3.9
3545,0.0
3546,0.0
3547,5.0
3548,28.0
3549,
3550,0.4
3551,
3552,0.0
3553,2.8
3554,0.0
3555,0.0
3556,23.9
3557,
3558,1.0
3559,0.0
3560,0.0
3561,0.0
3562,10.1
3563,0.0
3564,0.9
3565,
3566,2.8
3567,20.0
3568,0.0
3569,0.0
3570,0.4
3571,28.9
3572,2.0
3573,
3574,0.0
3575,0.0
3576,0.0
3577,0.0
3578,52.9
3579,0.0
3580,0.0
3581,0.5
3582,0.9
3583,0.0
3584,0.1
3585,12.3
3586,0.0
3587,0.0
3588,5.5
3589,1.0
3590,0.0
3591,3.1
3592,
3593,0.3
3594,
3595,46.1
3596,1.0
3597,0.0
3598,0.0
3599,0.2
3600,1.0
3601,0.0
3602,0.0
3603,0.0
3604,0.1
3605,0.0
3606,0.6
3607,0.0
3608,0.0
3609,20.5
3610,0.0
3611,0.3
3612,0.9
3613,0.0
3614,
3615,0.0
3616,0.0
3617,2.1
3618,0.0
3619,0.0
3620,0.0
3621,0.0
3622,0.0
3623,31.0
3624,0.0
3625,0.0
3626,0.0
3627,62.0
3628,0.0
3629,0.0
3630,0.0
3631,0.0
3632,8.1
3633,1.2
3634,1.3
3635,0.0
3636,13.0
3637,0.0
3638,0.0
3639,25.3
3640,0.0
3641,0.0
3642,
3643,0.0
3644,27.3
3645,118.6
3646,
3647,0.9
3648,
3649,0.0
3650,0.0
3651,
3652,0.0
3653,0.0
3654,0.0
3655,19.4
3656,
3657,1.2
3658,17.1
3659,0.6
3660,0.0
3661,0.0
3662,
3663,0.0
3664,20.0
3665,0.0
3666,9.0
3667,0.0
3668,2.0
3669,0.0
3670,0.0
3671,0.0
3672,0.0
3673,0.0
3674,0.0
3675,0.0
3676,0.0
3677,19.6
3678,5.5
3679,0.0
3680,14.3
3681,7.7
3682,0.0
3683,5.9
3684,0.3
3685,1.5
3686,0.5
3687,0.0
3688,0.0
3689,0.0
3690,7.0
3691,5.0
3692,0.0
3693,0.0
3694,0.0
3695,0.0
3696,
3697,0.0
3698,0.0
3699,0.3
3700,
3701,0.0
3702,0.0
3703,0.0
3704,0.0
3705,7.0
3706,0.3
3707,0.1
3708,0.0
3709,0.0
3710,0.0
3711,0.0
3712,25.0
3713,0.0
3714,55.6
3715,0.0
3716,0.0
3717,1.3
3718,0.0
3719,0.0
3720,0.0
3721,21.3
3722,0.0
3723,4.3
3724,1.5
3725,0.0
3726,24.5
3727,0.0
3728,0.0
3729,1.0
3730,0.1
3731,1.0
3732,0.0
3733,2.3
3734,0.0
3735,0.0
3736,0.0
3737,10.6
3738,0.2
3739,
3740,0.3
3741,11.5
3742,12.0
3743,0.0
3744,0.0
3745,0.0
3746,0.0
3747,0.0
3748,9.8
3749,29.6
3750,62.0
3751,0.0
3752,1.7
3753,0.0
3754,0.0
3755,0.0
3756,
3757,0.0
3758,0.0
3759,21.0
3760,0.0
3761,0.0
3762,27.4
3763,0.0
3764,0.0
3765,0.0
3766,35.6
3767,0.0
3768,17.6
3769,0.0
3770,1.0
3771,0.3
3772,0.0
3773,21.3
3774,0.7
3775,4.8
3776,4.5
3777,46.1
3778,7.9
3779,0.0
3780,0.0
3781,0.0
3782,0.0
3783,
3784,0.0
3785,0.0
3786,0.2
3787,0.0
3788,0.1
3789,0.0
3790,1.6
3791,4.7
3792,0.0
3793,0.7
3794,0.0
3795,
3796,2.4
3797,
3798,2.4
3799,0.0
3800,1.8
3801,5.5
3802,0.0
3803,0.0
3804,80.0
3805,0.0
3806,0.0
3807,0.0
3808,1.0
3809,0.0
3810,0.7
3811,0.2
3812,0.3
3813,0.0
3814,0.3
3815,
3816,0.5
3817,0.0
3818,5.1
3819,70.0
3820,0.0
3821,
3822,0.0
3823,34.1
3824,7.9
3825,0.0
3826,0.0
3827,0.0
3828,0.0
3829,2.0
3830,0.0
3831,0.8
3832,0.0
3833,0.0
3834,31.4
3835,0.0
3836,0.0
3837,1.7
3838,0.0
3839,31.3
3840,
3841,17.3
3842,0.0
3843,72.6
3844,35.0
3845,17.6
3846,0.0
3847,1.9
3848,3.0
3849,0.0
3850,0.0
3851,1.0
3852,146.4
3853,
3854,0.0
3855,0.0
3856,0.0
3857,0.0
3858,
3859,6.0
3860,0.0
3861,0.0
3862,0.0
3863,0.7
3864,0.0
3865,0.3
3866,113.1
3867,0.6
3868,
3869,0.0
3870,0.0
3871,0.0
3872,3.4
3873,0.0
3874,35.5
3875,
3876,1.0
3877,4.2
3878,1.0
3879,0.0
3880,1.3
3881,0.0
3882,
3883,0.0
3884,0.0
3885,0.0
3886,0.4
3887,1.4
3888,0.0
3889,0.0
3890,0.4
3891,
3892,1.5
3893,28.2
3894,3.1
3895,0.0
3896,0.0
3897,7.0
3898,0.4
3899,
3900,7.9
3901,1.0
3902,0.0
3903,2.0
3904,12.6
3905,0.0
3906,0.0
3907,0.0
3908,4.1
3909,0.0
3910,36.2
3911,0.0
3912,75.0
3913,0.7
3914,0.0
3915,1.8
3916,0.3
3917,16.2
3918,0.0
3919,7.4
3920,0.0
3921,3.1
3922,0.0
3923,0.0
3924,0.0
3925,18.2
3926,0.0
3927,
3928,0.0
3929,2.3
3930,10.5
3931,
3932,1.9
3933,0.0
3934,9.5
3935,0.0
3936,0.0
3937,0.0
3938,2.4
3939,24.5
3940,0.0
3941,101.8
3942,29.6
3943,0.0
3944,0.0
3945,0.0
3946,0.0
3947,0.0
3948,1.0
3949,3.0
3950,0.7
3951,
3952,
3953,0.0
3954,
3955,0.0
3956,0.0
3957,0.1
3958,19.4
3959,0.1
3960,0.0
3961,14.7
3962,0.0
3963,0.2
3964,0.0
3965,0.0
3966,0.0
3967,0.0
3968,0.0
3969,4.7
3970,8.0
3971,0.9
3972,17.8
3973,3.7
3974,15.3
3975,0.0
3976,0.0
3977,
3978,0.0
3979,0.0
3980,67.1
3981,0.0
3982,1.7
3983,6.1
3984,0.0
3985,0.3
3986,3.2
3987,0.0
3988,0.0
3989,0.0
3990,16.0
3991,0.0
3992,0.0
3993,3.9
3994,120.0
3995,5.0
3996,0.0
3997,
3998,0.0
3999,0.0
4000,0.0
4001,0.0
4002,1.3
4003,0.6
4004,0.0
4005,
4006,0.0
4007,0.2
4008,0.4
4009,0.0
4010,11.0
4011,62.0
4012,0.2
4013,0.0
4014,
4015,10.6
4016,6.0
4017,0.0
4018,11.5
4019,0.0
4020,0.4
4021,5.9
4022,0.0
4023,
4024,0.0
4025,0.0
4026,0.0
4027,0.0
4028,1.3
4029,0.2
4030,566.7
4031,0.7
4032,
4033,0.1
4034,30.4
4035,0.0
4036,8.6
4037,
4038,0.0
4039,0.5
4040,
4041,0.3
4042,0.0
4043,1.1
4044,0.1
4045,0.0
4046,0.0
4047,0.0
4048,0.0
4049,0.0
4050,1.1
4051,84.0
4052,0.0
4053,0.0
4054,2.0
4055,0.0
4056,0.0
4057,0.0
4058,0.0
4059,0.0
4060,0.4
4061,14.2
4062,0.8
4063,
4064,3.1
4065,0.0
4066,
4067,0.0
4068,25.2
4069,0.0
4070,
4071,0.0
4072,2.6
4073,11.9
4074,
4075,0.0
4076,8.3
4077,35.0
4078,0.0
4079,46.0
4080,0.0
4081,0.0
4082,0.2
4083,
4084,10.2
4085,0.0
4086,3.8
4087,0.0
4088,0.0
4089,0.0
4090,0.0
4091,0.0
4092,
4093,
4094,
4095,0.3
4096,0.0
4097,0.2
4098,0.0
4099,1.1
4100,0.0
4101,0.0
4102,10.0
4103,0.0
4104,1.3
4105,0.6
4106,6.6
4107,
4108,21.2
4109,11.0
4110,5.6
4111,0.0
4112,0.0
4113,0.9
4114,49.2
4115,0.3
4116,86.5
4117,
4118,0.0
4119,0.0
4120,13.0
4121,
4122,0.0
4123,0.0
4124,0.0
4125,1.0
4126,0.0
4127,24.7
4128,0.3
4129,0.0
4130,0.0
4131,0.0
4132,0.0
4133,0.0
4134,0.0
4135,0.0
4136,0.0
4137,26.6
4138,176.4
4139,0.0
4140,3.6
4141,0.0
4142,0.0
4143,1.8
4144,0.0
4145,0.7
4146,0.0
4147,0.0
4148,2.1
4149,0.7
4150,0.0
4151,63.8
4152,0.0
4153,0.1
4154,0.0
4155,0.3
4156,0.0
4157,0.0
4158,0.0
4159,3.1
4160,21.8
4161,0.9
4162,0.0
4163,4.5
4164,0.0
4165,0.0
4166,18.8
4167,30.0
4168,0.0
4169,0.0
4170,27.0
4171,0.0
4172,
4173,660.0
4174,0.6
4175,0.0
4176,8.1
4177,0.0
4178,
4179,7.9
4180,0.0
4181,4.0
4182,0.0
4183,0.0
4184,8.1
4185,1.7
4186,4.3
4187,1.0
4188,
4189,0.1
4190,0.0
4191,13.0
4192,0.0
4193,1.3
4194,0.7
4195,0.6
4196,0.1
4197,0.0
4198,0.0
4199,0.0
4200,8.0
4201,2.8
4202,0.0
4203,0.1
4204,0.0
4205,0.5
4206,0.2
4207,0.0
4208,0.0
4209,58.3
4210,14.0
4211,26.7
4212,0.0
4213,0.0
4214,17.9
4215,20.4
4216,
4217,24.7
4218,13.8
4219,1.0
4220,0.5
4221,0.0
4222,0.0
4223,0.0
4224,33.9
4225,0.0
4226,0.0
4227,0.0
4228,0.0
4229,138.0
4230,0.0
4231,0.0
4232,1.3
4233,0.0
4234,0.3
4235,0.0
4236,
4237,0.0
4238,0.0
4239,0.0
4240,0.0
4241,0.0
4242,
4243,0.0
4244,0.0
4245,
4246,0.0
4247,15.1
4248,6.0
4249,0.0
4250,0.0
4251,15.8
4252,0.0
4253,0.0
4254,0.4
4255,38.0
4256,0.0
4257,0.0
4258,3.5
4259,0.0
4260,2.3
4261,55.6
4262,0.1
4263,26.0
4264,65.0
4265,2.6
4266,
4267,0.0
4268,0.0
4269,4.6
4270,0.0
4271,91.0
4272,0.6
4273,0.0
4274,3.6
4275,
4276,0.0
4277,0.7
4278,2.0
4279,0.0
4280,
4281,2.8
4282,57.0
4283,3.5
4284,6.1
4285,0.0
4286,0.0
4287,0.0
4288,0.9
4289,0.0
4290,0.0
4291,
4292,0.4
4293,0.0
4294,40.1
4295,0.0
4296,0.0
4297,0.3
4298,0.0
4299,0.0
4300,4.0
4301,0.0
4302,0.0
4303,3.2
4304,11.0
4305,0.0
4306,5.0
4307,28.0
4308,1.0
4309,
4310,27.9
4311,0.0
4312,0.0
4313,0.0
4314,0.0
4315,1.0
4316,1.0
4317,11.6
4318,0.0
4319,1.9
4320,0.0
4321,116.7
4322,
4323,0.0
4324,0.0
4325,0.0
4326,12.4
4327,0.0
4328,0.0
4329,0.0
4330,0.0
4331,29.6
4332,9.6
4333,0.7
4334,21.2
4335,
4336,4.8
4337,1.1
4338,0.2
4339,0.0
4340,
4341,0.0
4342,37.3
4343,
4344,24.7
4345,26.4
4346,0.0
4347,0.0
4348,0.0
4349,
4350,0.5
4351,0.0
4352,0.0
4353,8.2
4354,1.0
4355,1.0
4356,0.0
4357,
4358,0.0
4359,0.0
4360,3.3
4361,2.0
4362,0.6
4363,0.0
4364,0.0
4365,0.0
4366,0.0
4367,0.5
4368,0.0
4369,
4370,0.0
4371,0.0
4372,
4373,0.0
4374,
4375,0.0
4376,0.0
4377,0.6
4378,0.0
4379,0.0
4380,
4381,54.3
4382,0.0
4383,
4384,0.7
4385,0.0
4386,0.0
4387,0.0
4388,
4389,0.0
4390,1.0
4391,30.1
4392,0.0
4393,23.4
4394,0.0
4395,2.0
4396,4.1
4397,0.0
4398,0.0
4399,0.0
4400,0.0
4401,0.0
4402,27.2
4403,0.0
4404,1.3
4405,0.0
4406,21.0
4407,0.0
4408,1.1
4409,4.2
4410,14.7
4411,1.0
4412,0.0
4413,0.4
4414,2.8
4415,7.9
4416,
4417,10.0
4418,0.0
4419,0.0
4420,0.0
4421,12.9
4422,0.0
4423,15.0
4424,9.5
4425,1.9
4426,0.0
4427,12.3
4428,1.7
4429,10.8
4430,9.5
4431,0.1
4432,0.9
4433,7.8
4434,2.8
4435,2.7
4436,0.0
4437,1.0
4438,7.0
4439,0.0
4440,1.1
4441,0.1
4442,3.9
4443,0.1
4444,66.0
4445,0.0
4446,1.2
4447,58.3
4448,
4449,9.1
4450,4.6
4451,0.8
4452,
4453,0.0
4454,0.0
4455,2.3
4456,0.0
4457,0.0
4458,0.4
4459,46.0
4460,0.0
4461,75.0
4462,0.0
4463,72.0
4464,0.0
4465,6.4
4466,35.5
4467,0.0
4468,0.0
4469,0.0
4470,0.5
4471,0.0
4472,5.4
4473,0.0
4474,0.0
4475,
4476,25.0
4477,
4478,9.8
4479,2.7
4480,8.0
4481,14.2
4482,0.0
4483,7.7
4484,8.4
4485,1.4
4486,0.0
4487,
4488,0.0
4489,10.8
4490,0.0
4491,0.0
4492,2.4
4493,3.6
4494,0.0
4495,
4496,
4497,0.6
4498,0.0
4499,60.0
4500,0.7
4501,0.0
4502,0.0
4503,16.6
4504,3.8
4505,0.0
4506,0.0
4507,0.0
4508,0.5
4509,1.2
4510,1.4
4511,0.0
4512,
4513,0.0
4514,0.0
4515,1.2
4516,0.0
4517,0.0
4518,3.6
4519,0.2
4520,2.0
4521,2.6
4522,1.3
4523,
4524,0.0
4525,10.1
4526,0.0
4527,0.8
4528,15.6
4529,0.7
4530,0.0
4531,1.1
4532,0.2
4533,0.0
4534,0.0
4535,0.0
4536,0.3
4537,0.0
4538,0.0
4539,0.7
4540,0.0
4541,1.5
4542,0.0
4543,0.0
4544,12.0
4545,0.0
4546,2.8
4547,0.0
4548,0.0
4549,0.0
4550,15.4
4551,6.3
4552,13.3
4553,1.1
4554,1.4
4555,0.4
4556,1.1
4557,24.0
4558,30.0
4559,0.0
4560,14.2
4561,
4562,0.1
4563,0.0
4564,
4565,
4566,4.0
4567,23.0
4568,0.0
4569,0.9
4570,0.0
4571,0.0
4572,0.2
4573,
4574,0.2
4575,0.0
4576,17.9
4577,
4578,0.0
4579,5.0
4580,0.0
4581,0.0
4582,0.0
4583,0.9
4584,0.0
4585,56.4
4586,39.2
4587,
4588,0.0
4589,0.0
4590,0.0
4591,2.6
4592,0.0
4593,0.0
4594,0.0
4595,0.0
4596,7.9
4597,0.5
4598,36.4
4599,21.0
4600,1.3
4601,0.0
4602,0.0
4603,62.4
4604,2.1
4605,0.2
4606,
4607,
4608,13.9
4609,0.0
4610,0.8
4611,4.8
4612,
4613,1.0
4614,3.5
4615,1.2
4616,1.0
4617,2.7
4618,0.0
4619,0.0
4620,1.1
4621,0.0
4622,0.0
4623,0.0
4624,18.8
4625,0.0
4626,0.0
4627,0.0
4628,1.5
4629,
4630,0.0
4631,0.3
4632,0.0
4633,0.7
4634,0.0
4635,0.0
4636,77.2
4637,0.4
4638,
4639,8.1
4640,21.0
4641,3.2
4642,2.0
4643,0.0
4644,
4645,0.0
4646,0.0
4647,
4648,22.8
4649,0.0
4650,0.1
4651,0.3
4652,
4653,0.7
4654,
4655,0.2
4656,2.9
4657,12.0
4658,0.0
4659,0.8
4660,0.0
4661,0.0
4662,7.1
4663,0.0
4664,12.7
4665,0.0
4666,0.7
4667,0.0
4668,8.7
4669,11.2
4670,2400.0
4671,33.8
4672,0.0
4673,0.6
4674,
4675,0.0
4676,4.0
4677,0.0
4678,11.0
4679,14.7
4680,0.0
4681,0.0
4682,0.0
4683,3.4
4684,0.0
4685,43.9
4686,15.7
4687,12.6
4688,62.0
4689,2.2
4690,0.0
4691,0.0
4692,0.0
4693,0.0
4694,120.0
4695,18.4
4696,24.7
4697,57.0
4698,0.0
4699,0.0
4700,0.0
4701,1.0
4702,2.3
4703,10.3
4704,5.9
4705,3.6
4706,0.5
4707,0.3
4708,0.0
4709,0.0
4710,0.0
4711,0.0
4712,2.4
4713,0.6
4714,0.0
4715,0.0
4716,0.0
4717,
4718,
4719,0.0
4720,0.1
4721,0.0
4722,12.7
4723,5.2
4724,0.0
4725,0.0
4726,2.1
4727,0.8
4728,0.0
4729,0.0
4730,0.0
4731,54.5
4732,0.0
4733,0.0
4734,0.0
4735,0.0
4736,0.0
4737,0.0
4738,
4739,9.4
4740,27.0
4741,0.0
4742,0.2
4743,
4744,5.2
4745,0.0
4746,1.0
4747,0.0
4748,5.9
4749,
4750,0.0
4751,0.0
4752,5.8
4753,0.0
4754,9.7
4755,0.0
4756,0.0
4757,1.4
4758,0.0
4759,93.2
4760,0.0
4761,1.5
4762,1.0
4763,1.6
4764,
4765,0.0
4766,0.0
4767,37.0
4768,0.0
4769,0.0
4770,0.0
4771,0.0
4772,0.0
4773,
4774,0.0
4775,25.8
4776,0.0
4777,0.0
4778,0.0
4779,0.0
4780,0.0
4781,23.4
4782,0.0
4783,0.4
4784,2.7
4785,11.5
4786,0.0
4787,
4788,0.0
4789,0.0
4790,0.0
4791,
4792,0.0
4793,0.0
4794,0.5
4795,0.5
4796,0.0
4797,0.0
4798,0.0
4799,
4800,0.7
4801,0.9
4802,0.0
4803,0.0
4804,1.1
4805,23.0
4806,9.6
4807,1.1
4808,0.0
4809,0.0
4810,1.0
4811,
4812,0.0
4813,4.8
4814,0.0
4815,0.0
4816,0.0
4817,0.0
4818,4.5
4819,0.0
4820,0.7
4821,3.8
4822,1.0
4823,
4824,
4825,0.2
4826,0.0
4827,0.0
4828,0.0
4829,
4830,
4831,0.0
4832,65.0
4833,0.3
4834,0.0
4835,0.0
4836,8.2
4837,0.0
4838,0.7
4839,3.9
4840,0.0
4841,
4842,0.6
4843,12.1
4844,
4845,0.0
4846,0.7
4847,0.4
4848,0.0
4849,0.0
4850,
4851,11.5
4852,81.6
4853,0.0
4854,1.3
4855,161.3
4856,0.0
4857,39.1
4858,0.0
4859,5.0
4860,0.0
4861,14.0
4862,0.3
4863,
4864,43.0
4865,0.9
4866,7.5
4867,0.0
4868,10.0
4869,11.6
4870,20.6
4871,0.0
4872,0.0
4873,
4874,0.0
4875,0.0
4876,0.0
4877,0.0
4878,
4879,0.0
4880,0.4
4881,
4882,0.9
4883,19.3
4884,1.9
4885,2.1
4886,0.0
4887,0.0
4888,16.5
4889,0.0
4890,0.0
4891,0.0
4892,0.0
4893,
4894,13.8
4895,0.7
4896,5.5
4897,0.0
4898,0.0
4899,0.0
4900,0.0
4901,5.0
4902,0.0
4903,
4904,0.0
4905,19.3
4906,1.7
4907,7.2
4908,0.0
4909,1.2
4910,
4911,0.0
4912,0.0
4913,0.0
4914,0.0
4915,0.1
4916,0.0
4917,0.2
4918,11.3
4919,0.0
4920,2.7
4921,0.0
4922,2.0
4923,0.0
4924,0.7
4925,
4926,0.0
4927,0.0
4928,
4929,37.0
4930,55.6
4931,0.0
4932,0.2
4933,0.0
4934,0.2
4935,0.0
4936,0.0
4937,23.0
4938,17.9
4939,0.0
4940,30.3
4941,22.2
4942,2.3
4943,0.2
4944,22.2
4945,0.0
4946,
4947,0.8
4948,0.0
4949,0.0
4950,0.9
4951,19.4
4952,0.0
4953,
4954,
4955,0.0
4956,0.0
4957,0.0
4958,144.3
4959,0.4
4960,0.4
4961,5.7
4962,
4963,39.2
4964,0.0
4965,0.0
4966,0.0
4967,0.5
4968,0.2
4969,1.2
4970,0.2
4971,0.0
4972,0.0
4973,0.0
4974,25.3
4975,
4976,0.0
4977,0.1
4978,0.0
4979,0.0
4980,0.0
4981,23.0
4982,
4983,20.0
4984,33.7
4985,5.8
4986,0.5
4987,0.0
4988,0.0
4989,0.4
4990,
4991,0.0
4992,27.9
4993,0.9
4994,0.0
4995,0.0
4996,18.1
4997,12.0
4998,
4999,0.0
5000,11.6
5001,19.4
5002,0.0
5003,0.0
5004,2.0
5005,2.5
5006,0.0
5007,0.0
5008,6.7
5009,0.0
5010,19.7
5011,1.1
5012,0.0
5013,6.8
5014,21.0
5015,1.8
5016,0.0
5017,0.0
5018,0.0
5019,0.0
5020,20.0
5021,0.0
5022,0.0
5023,0.0
5024,1.1
5025,
5026,0.0
5027,0.0
5028,0.0
5029,0.0
5030,0.0
5031,
5032,54.5
5033,25.0
5034,60.0
5035,3.9
5036,0.1
5037,45.0
5038,6.3
5039,17.1
5040,0.0
5041,0.0
5042,25.7
5043,0.0
5044,0.0
5045,0.0
5046,0.0
5047,
5048,34.2
5049,0.0
5050,0.0
5051,0.0
5052,0.0
5053,0.0
5054,0.0
5055,0.0
5056,41.0
5057,7.0
5058,0.0
5059,0.8
5060,0.0
5061,1.7
5062,0.7
5063,0.0
5064,22.8
5065,0.0
5066,
5067,7.9
5068,3.8
5069,0.0
5070,1.0
5071,4.6
5072,0.0
5073,2.8
5074,0.0
5075,8.6
5076,1.2
5077,0.0
5078,1.8
5079,0.5
5080,0.8
5081,0.0
5082,27.0
5083,0.0
5084,18.2
5085,0.0
5086,0.0
5087,2.1
5088,0.5
5089,0.0
5090,0.0
5091,0.0
5092,0.0
5093,22.0
5094,4.5
5095,0.0
5096,0.7
5097,64.9
5098,0.0
5099,0.0
5100,21.2
5101,0.0
5102,0.0
5103,0.0
5104,0.0
5105,0.0
5106,0.0
5107,7.0
5108,0.0
5109,0.0
5110,28.3
5111,0.4
5112,2.3
5113,2.5
5114,0.0
5115,0.0
5116,
5117,0.8
5118,0.0
5119,1.0
5120,1.8
5121,0.0
5122,0.2
5123,0.0
5124,0.7
5125,1.5
5126,0.0
5127,27.4
5128,
5129,0.0
5130,5.7
5131,0.1
5132,3.4
5133,1.1
5134,0.6
5135,
5136,0.0
5137,0.4
5138,0.0
5139,
5140,
5141,2.6
5142,0.0
5143,0.0
5144,0.0
5145,0.5
5146,0.0
5147,6.5
5148,0.0
5149,1.0
5150,0.0
5151,0.0
5152,0.3
5153,0.4
5154,1600.0
5155,0.0
5156,0.0
5157,0.0
5158,3.0
5159,0.8
5160,0.0
5161,
5162,0.0
5163,0.0
5164,0.0
5165,0.0
5166,0.0
5167,7.3
5168,0.0
5169,0.0
5170,0.0
5171,0.0
5172,0.5
5173,0.0
5174,
5175,0.2
5176,0.0
5177,0.2
5178,9.7
5179,0.7
5180,0.0
5181,0.0
5182,4.0
5183,
5184,
5185,0.0
5186,
5187,0.0
5188,0.0
5189,45.7
5190,0.0
5191,30.0
5192,0.0
5193,
5194,0.0
5195,68.0
5196,0.0
5197,0.5
5198,2.7
5199,2.2
5200,1.7
5201,9.6
5202,10.1
5203,1.3
5204,0.0
5205,36.0
5206,31.6
5207,1.7
5208,0.1
5209,
5210,3.0
5211,3.6
5212,39.3
5213,0.8
5214,
5215,46.9
5216,0.0
5217,0.0
5218,0.0
5219,0.0
5220,0.0
5221,0.0
5222,0.0
5223,0.0
5224,0.0
5225,0.9
5226,
5227,0.0
5228,0.0
5229,21.4
5230,0.0
5231,12.6
5232,0.0
5233,
5234,0.0
5235,0.0
5236,30.2
5237,0.0
5238,12.9
5239,20.0
5240,63.6
5241,0.0
5242,20.0
5243,0.0
5244,0.0
5245,74.8
5246,0.0
5247,0.0
5248,9.9
5249,0.2
5250,1.5
5251,2.3
5252,0.0
5253,0.0
5254,0.0
5255,52.8
5256,6.5
5257,0.0
5258,0.0
5259,0.0
5260,0.0
5261,2.0
5262,22.7
5263,0.0
5264,0.0
5265,0.0
5266,
5267,0.0
5268,3.6
5269,28.2
5270,0.0
5271,
5272,0.2
5273,0.0
5274,0.0
5275,0.0
5276,0.0
5277,7.0
5278,62.0
5279,0.1
5280,31.1
5281,26.9
5282,0.0
5283,3.5
5284,0.0
5285,2.7
5286,0.7
5287,0.0
5288,0.0
5289,0.0
5290,
5291,
5292,1.3
5293,0.3
5294,
5295,0.0
5296,1.8
5297,5.7
5298,0.3
5299,0.0
5300,15.3
5301,0.0
5302,25.3
5303,3.0
5304,0.4
5305,0.0
5306,0.0
5307,0.0
5308,7.6
5309,3.1
5310,0.0
5311,13.9
5312,0.8
5313,0.0
5314,0.2
5315,0.2
5316,0.0
5317,0.0
5318,0.0
5319,0.0
5320,1.1
5321,11.0
5322,0.1
5323,0.0
5324,0.0
5325,
5326,
5327,11.6
5328,
5329,0.0
5330,1.1
5331,7.3
5332,9.6
5333,0.0
5334,0.0
5335,2.2
5336,0.2
5337,0.0
5338,
5339,0.8
5340,3.3
5341,
5342,0.4
5343,0.0
5344,19.7
5345,0.0
5346,1.0
5347,4.0
5348,1.0
5349,0.9
5350,0.7
5351,0.0
5352,15.1
5353,0.0
5354,10.5
5355,5.8
5356,1.6
5357,
5358,23.1
5359,11.2
5360,11.4
5361,0.0
5362,0.0
5363,0.0
5364,0.5
5365,10.8
5366,11.3
5367,0.3
5368,0.0
5369,
5370,
5371,18.0
5372,0.0
5373,0.0
5374,1.1
5375,0.0
5376,0.0
5377,
5378,38.0
5379,0.0
5380,61.2
5381,2.4
5382,0.0
5383,0.0
5384,7.0
5385,0.0
5386,16.0
5387,4.6
5388,0.0
5389,1.8
5390,
5391,23.8
5392,0.0
5393,9.1
5394,19.2
5395,0.0
5396,14.1
5397,0.0
5398,0.0
5399,0.0
5400,0.0
5401,60.0
5402,1.5
5403,61.3
5404,3.0
5405,0.0
5406,6.6
5407,0.0
5408,17.6
5409,5.2
5410,10.4
5411,
5412,1.0
5413,0.0
5414,0.0
5415,0.0
5416,24.7
5417,0.0
5418,0.0
5419,0.0
5420,0.0
5421,9.3
5422,0.0
5423,13.0
5424,0.0
5425,0.0
5426,0.8
5427,0.0
5428,4.0
5429,
5430,0.8
5431,0.0
5432,0.0
5433,0.2
5434,0.0
5435,0.0
5436,0.0
5437,9.1
5438,0.0
5439,4.9
5440,0.3
5441,15.2
5442,7.8
5443,62.8
5444,
5445,0.0
5446,
5447,
5448,9.8
5449,0.0
5450,0.0
5451,
5452,0.0
5453,27.4
5454,0.0
5455,20.0
5456,0.0
5457,0.0
5458,0.0
5459,0.0
5460,0.7
5461,61.0
5462,56.4
5463,5.2
5464,0.2
5465,0.0
5466,0.0
5467,65.0
5468,3.7
5469,76.9
5470,7.3
5471,52.0
5472,0.0
5473,
5474,34.0
5475,37.5
5476,42.0
5477,8.3
5478,0.0
5479,1.1
5480,0.0
5481,3.0
5482,7.4
5483,45.8
5484,9.3
5485,0.0
5486,0.0
5487,2.0
5488,0.0
5489,4.6
5490,0.0
5491,0.0
5492,0.0
5493,24.7
5494,0.0
5495,162.8
5496,0.0
5497,0.5
5498,0.0
5499,0.0
5500,5.1
5501,118.0
5502,21.9
5503,1.0
5504,15.3
5505,50.7
5506,0.7
5507,26.3
5508,3.9
5509,0.0
5510,0.5
5511,1.5
5512,1.5
5513,2.4
5514,8.0
5515,0.2
5516,16.5
5517,0.0
5518,0.0
5519,37.0
5520,0.0
5521,0.0
5522,0.0
5523,0.0
5524,0.0
5525,2.5
5526,0.1
5527,1.3
5528,0.0
5529,0.0
5530,0.0
5531,31.0
5532,5.4
5533,
5534,0.0
5535,0.0
5536,0.0
5537,21.9
5538,0.0
5539,
5540,0.1
5541,
5542,
5543,0.0
5544,0.0
5545,0.0
5546,12.2
5547,2.0
5548,3.6
5549,0.0
5550,1.3
5551,0.0
5552,0.0
5553,0.0
5554,0.4
5555,0.1
5556,
5557,7.5
5558,5.5
5559,0.0
5560,0.1
5561,80.4
5562,0.0
5563,0.0
5564,27.2
5565,1.0
5566,19.2
5567,0.0
5568,2.7
5569,31.4
5570,10.9
5571,
5572,
5573,0.0
5574,0.0
5575,0.0
5576,0.2
5577,0.0
5578,0.0
5579,0.0
5580,0.0
5581,1.3
5582,0.0
5583,20.7
5584,3.1
5585,0.0
5586,0.3
5587,3.0
5588,0.0
5589,0.0
5590,0.0
5591,0.0
5592,4.2
5593,0.0
5594,1.0
5595,0.0
5596,0.0
5597,14.0
5598,0.0
5599,0.0
5600,0.0
5601,0.0
5602,0.0
5603,3.8
5604,41.9
5605,0.0
5606,1.0
5607,0.0
5608,7.4
5609,5.3
5610,0.6
5611,0.0
5612,0.0
5613,46.3
5614,0.0
5615,3.2
5616,0.0
5617,0.0
5618,0.0
5619,2.0
5620,0.0
5621,0.0
5622,0.0
5623,0.0
5624,
5625,0.0
5626,1.4
5627,0.0
5628,0.0
5629,0.0
5630,0.0
5631,
5632,0.3
5633,6.5
5634,3.5
5635,
5636,0.3
5637,
5638,0.0
5639,0.0
5640,41.2
5641,1.7
5642,0.3
5643,0.0
5644,
5645,
5646,0.0
5647,0.1
5648,0.0
5649,0.0
5650,0.5
5651,12.8
5652,6.0
5653,0.9
5654,
5655,3.2
5656,0.0
5657,7.7
5658,0.0
5659,8.0
5660,12.0
5661,0.9
5662,2.1
5663,0.0
5664,0.0
5665,13.0
5666,1.0
5667,0.0
5668,10.0
5669,0.0
5670,
5671,0.2
5672,2.2
5673,0.0
5674,0.0
5675,0.0
5676,0.0
5677,31.1
5678,1.0
5679,3.1
5680,0.0
5681,0.0
5682,18.9
5683,20.7
5684,0.3
5685,0.0
5686,2.0
5687,0.3
5688,1.1
5689,4.0
5690,0.8
5691,
5692,0.0
5693,0.0
5694,0.0
5695,0.0
5696,5.0
5697,0.0
5698,0.0
5699,2.7
5700,0.0
5701,0.0
5702,
5703,0.0
5704,0.0
5705,0.0
5706,0.0
5707,0.0
5708,0.6
5709,0.0
5710,14.6
5711,0.0
5712,0.1
5713,0.6
5714,0.0
5715,40.0
5716,0.0
5717,1.5
5718,0.0
5719,0.0
5720,30.0
5721,0.0
5722,9.1
5723,0.0
5724,0.0
5725,0.0
5726,0.0
5727,1.7
5728,43.8
5729,0.0
5730,28.5
5731,0.0
5732,4.1
5733,0.0
5734,0.0
5735,89.2
5736,3.0
5737,0.0
5738,0.5
5739,4.6
5740,1.4
5741,5.2
5742,0.0
5743,0.5
5744,0.0
5745,0.0
5746,0.0
5747,5.3
5748,0.0
5749,29.6
5750,0.0
5751,5.2
5752,0.0
5753,9.5
5754,
5755,0.0
5756,0.0
5757,5.5
5758,0.0
5759,0.0
5760,
5761,0.0
5762,0.1
5763,0.0
5764,16.6
5765,0.6
5766,0.9
5767,0.6
5768,0.0
5769,0.0
5770,
5771,2.9
5772,0.0
5773,0.2
5774,
5775,25.7
5776,8.7
5777,0.0
5778,0.0
5779,0.3
5780,0.0
5781,0.0
5782,0.0
5783,0.1
5784,0.3
5785,0.0
5786,0.9
5787,2.0
5788,1.5
5789,0.0
5790,0.0
5791,0.7
5792,0.0
5793,12.9
5794,1.0
5795,22.6
5796,0.0
5797,10.9
5798,0.0
5799,0.1
5800,0.0
5801,7.7
5802,0.0
5803,0.0
5804,
5805,0.0
5806,4.0
5807,51.0
5808,0.2
5809,0.0
5810,0.0
5811,0.0
5812,0.0
5813,0.0
5814,0.0
5815,1.8
5816,0.0
5817,32.3
5818,3.5
5819,0.0
5820,2.9
5821,0.0
5822,39.0
5823,0.4
5824,
5825,0.0
5826,62.0
5827,1.0
5828,1.5
5829,6.0
5830,4.3
5831,0.0
5832,0.6
5833,0.0
5834,0.9
5835,0.5
5836,0.1
5837,
5838,0.0
5839,0.0
5840,27.3
5841,0.5
5842,25.0
5843,85.0
5844,
5845,0.0
5846,0.0
5847,45.0
5848,6.4
5849,0.0
5850,0.0
5851,36.2
5852,
5853,0.0
5854,0.0
5855,0.7
5856,0.0
5857,20.0
5858,
5859,12.3
5860,0.0
5861,62.0
5862,1.7
5863,
5864,0.0
5865,12.0
5866,0.0
5867,0.9
5868,0.0
5869,
5870,1.7
5871,0.0
5872,4.9
5873,
5874,0.0
5875,4.0
5876,0.2
5877,0.0
5878,66.0
5879,0.0
5880,0.0
5881,0.1
5882,
5883,0.1
5884,12.1
5885,76.4
5886,0.0
5887,4.0
5888,24.4
5889,0.0
5890,0.0
5891,
5892,12.8
5893,0.0
5894,1.1
5895,0.0
5896,0.0
5897,
5898,0.0
5899,0.0
5900,0.0
5901,0.0
5902,0.0
5903,0.0
5904,0.0
5905,9.5
5906,0.0
5907,0.3
5908,0.0
5909,
5910,0.0
5911,20.0
5912,75.0
5913,
5914,2.6
5915,33.0
5916,0.0
5917,11.6
5918,0.0
5919,5.6
5920,0.8
5921,1.7
5922,1.9
5923,0.6
5924,0.2
5925,18.0
5926,0.0
5927,22.1
5928,0.0
5929,
5930,0.0
5931,0.0
5932,3.1
5933,3.1
5934,0.8
5935,0.0
5936,1.7
5937,0.1
5938,
5939,1.0
5940,
5941,
5942,0.0
5943,0.0
5944,0.0
5945,0.0
5946,0.0
5947,
5948,0.0
5949,1.0
5950,1.6
5951,4.0
5952,0.0
5953,0.0
5954,0.5
5955,
5956,97.0
5957,
5958,3.6
5959,8.2
5960,0.5
5961,0.0
5962,0.0
5963,0.0
5964,
5965,5.1
5966,37.8
5967,0.2
5968,0.0
5969,18.5
5970,0.0
5971,0.0
5972,0.0
5973,0.0
5974,9.7
5975,1.6
5976,0.0
5977,0.0
5978,0.0
5979,3.6
5980,0.0
5981,0.8
5982,16.3
5983,20.0
5984,0.0
5985,1.6
5986,0.0
5987,3.8
5988,0.7
5989,
5990,0.0
5991,
5992,0.0
5993,11.5
5994,0.0
5995,0.0
5996,0.0
5997,0.0
5998,0.0
5999,8.0
6000,0.0
6001,0.0
6002,0.0
6003,0.9
6004,0.0
6005,
6006,0.8
6007,10.5
6008,
6009,0.0
6010,2.9
6011,0.0
6012,
6013,2.8
6014,0.0
6015,0.0
6016,0.0
6017,18.0
6018,0.0
6019,0.0
6020,0.0
6021,0.0
6022,64.9
6023,0.0
6024,0.0
6025,0.0
6026,21.0
6027,4.9
6028,0.0
6029,7.7
6030,42.4
6031,0.9
6032,0.0
6033,0.0
6034,
6035,0.0
6036,5.0
6037,0.0
6038,
6039,
6040,0.0
6041,0.0
6042,1.3
6043,7.9
6044,0.0
6045,0.0
6046,1.4
6047,1.9
6048,0.0
6049,0.6
6050,0.0
6051,0.0
6052,0.5
6053,0.0
6054,0.0
6055,0.0
6056,35.6
6057,
6058,44.9
6059,
6060,0.2
6061,2.7
6062,1.2
6063,0.3
6064,0.0
6065,0.0
6066,
6067,0.0
6068,0.0
6069,0.0
6070,48.0
6071,0.0
6072,0.0
6073,0.0
6074,2.6
6075,0.0
6076,2.0
6077,0.0
6078,57.1
6079,0.0
6080,41.2
6081,0.0
6082,0.0
6083,13.0
6084,2.3
6085,0.0
6086,0.0
6087,9.9
6088,1.1
6089,58.1
6090,
6091,0.0
6092,5.9
6093,0.0
6094,4.7
6095,0.6
6096,27.1
6097,0.0
6098,
6099,0.0
6100,0.4
6101,0.4
6102,1.6
6103,0.0
6104,0.0
6105,0.0
6106,11.0
6107,0.0
6108,2.4
6109,0.0
6110,4.6
6111,0.0
6112,0.0
6113,2.2
6114,0.0
6115,
6116,0.0
6117,0.0
6118,0.0
6119,0.0
6120,0.0
6121,39.0
6122,0.0
6123,
6124,8.8
6125,0.0
6126,0.0
6127,0.0
6128,0.0
6129,0.0
6130,0.0
6131,0.7
6132,0.0
6133,0.3
6134,0.0
6135,0.0
6136,0.0
6137,0.0
6138,0.6
6139,0.9
6140,0.0
6141,
6142,0.6
6143,17.9
6144,0.0
6145,0.0
6146,0.0
6147,0.1
6148,0.0
6149,3.8
6150,1.2
6151,6.1
6152,0.0
6153,0.0
6154,171.0
6155,0.0
6156,0.4
6157,4.0
6158,0.0
6159,0.0
6160,
6161,0.0
6162,0.0
6163,0.0
6164,31.2
6165,0.7
6166,0.0
6167,0.0
6168,0.0
6169,0.0
6170,0.0
6171,17.3
6172,0.5
6173,0.0
6174,0.5
6175,20.2
6176,0.0
6177,0.0
6178,6.4
6179,0.0
6180,29.6
6181,1.7
6182,0.0
6183,0.0
6184,230.8
6185,0.0
6186,0.0
6187,0.0
6188,0.0
6189,
6190,
6191,0.1
6192,0.0
6193,0.0
6194,0.0
6195,54.1
6196,1.2
6197,0.0
6198,0.0
6199,0.0
6200,0.0
6201,10.1
6202,0.0
6203,0.4
6204,0.9
6205,0.0
6206,17.3
6207,3.3
6208,0.1
6209,24.7
6210,0.0
6211,0.0
6212,0.4
6213,0.0
6214,1.8
6215,0.0
6216,0.0
6217,0.0
6218,10.5
6219,0.0
6220,0.0
6221,22.0
6222,0.0
6223,
6224,5.0
6225,0.0
6226,3.4
6227,0.0
6228,1.2
6229,15.3
6230,0.0
6231,0.2
6232,0.4
6233,0.0
6234,0.0
6235,18.2
6236,0.0
6237,0.0
6238,23.4
6239,0.0
6240,
6241,0.0
6242,0.0
6243,3.0
6244,0.0
6245,
6246,0.3
6247,25.1
6248,0.0
6249,
6250,2.9
6251,0.1
6252,0.0
6253,0.1
6254,0.0
6255,0.4
6256,40.0
6257,0.0
6258,0.0
6259,40.0
6260,0.2
6261,9.4
6262,0.0
6263,0.0
6264,0.7
6265,0.0
6266,
6267,0.5
6268,0.0
6269,42.0
6270,0.0
6271,0.0
6272,0.0
6273,0.0
6274,0.0
6275,
6276,0.0
6277,
6278,0.0
6279,15.0
6280,6.3
6281,
6282,17.0
6283,3.5
6284,1.2
6285,0.0
6286,
6287,7.9
6288,0.0
6289,1.6
6290,0.0
6291,0.0
6292,0.0
6293,0.0
6294,0.0
6295,0.0
6296,6.3
6297,0.9
6298,0.3
6299,4.0
6300,0.0
6301,0.0
6302,0.0
6303,0.0
6304,0.0
6305,0.3
6306,0.0
6307,7.9
6308,0.5
6309,0.0
6310,20.0
6311,0.0
6312,2.6
6313,55.6
6314,0.0
6315,0.0
6316,12.9
6317,7.2
6318,30.0
6319,0.0
6320,0.0
6321,0.0
6322,5.9
6323,0.0
6324,9.6
6325,0.5
6326,0.0
6327,9.6
6328,0.0
6329,1.2
6330,0.0
6331,29.6
6332,0.0
6333,13.6
6334,0.0
6335,
6336,0.4
6337,3.9
6338,0.0
6339,0.0
6340,32.5
6341,0.0
6342,68.0
6343,9.0
6344,0.3
6345,0.5
6346,13.5
6347,
6348,0.0
6349,
6350,1.0
6351,4.0
6352,0.0
6353,0.0
6354,
6355,0.0
6356,14.3
6357,0.0
6358,
6359,0.4
6360,19.8
6361,2.3
6362,0.0
6363,2.2
6364,2.0
6365,0.0
6366,1.2
6367,0.3
6368,
6369,
6370,0.0
6371,0.0
6372,0.4
6373,0.4
6374,3.5
6375,0.0
6376,38.7
6377,5.5
6378,0.0
6379,0.0
6380,6.5
6381,0.0
6382,
6383,0.0
6384,20.0
6385,21.0
6386,0.0
6387,0.0
6388,0.0
6389,0.0
6390,
6391,40.0
6392,
6393,31.7
6394,1.9
6395,1.2
6396,0.0
6397,5.1
6398,0.0
6399,0.0
6400,8.0
6401,
6402,20.7
6403,0.0
6404,7.0
6405,0.0
6406,0.0
6407,0.0
6408,28.1
6409,8.8
6410,20.0
6411,0.0
6412,0.0
6413,0.0
6414,6.8
6415,
6416,1.6
6417,5.6
6418,
6419,0.0
6420,16.2
6421,0.0
6422,0.0
6423,0.6
6424,38.5
6425,0.0
6426,3.0
6427,0.0
6428,0.0
6429,0.0
6430,
6431,0.0
6432,
6433,0.0
6434,26.0
6435,1.4
6436,0.0
6437,0.0
6438,11.1
6439,0.0
6440,
6441,0.0
6442,0.0
6443,0.0
6444,0.9
6445,0.1
6446,
6447,70.0
6448,0.2
6449,0.0
6450,2.7
6451,0.0
6452,0.2
6453,0.0
6454,0.0
6455,0.2
6456,0.4
6457,0.0
6458,0.0
6459,2.0
6460,
6461,1.1
6462,0.0
6463,0.0
6464,3.0
6465,0.0
6466,0.0
6467,10.0
6468,60.0
6469,0.0
6470,1.1
6471,0.2
6472,0.0
6473,22.5
6474,0.0
6475,0.0
6476,0.0
6477,0.0
6478,0.0
6479,
6480,0.6
6481,1.0
6482,0.0
6483,
6484,0.0
6485,0.0
6486,0.0
6487,
6488,0.0
6489,17.7
6490,0.0
6491,0.0
6492,0.0
6493,0.0
6494,0.0
6495,0.0
6496,0.0
6497,
6498,0.0
6499,9.7
6500,0.0
6501,0.0
6502,10.6
6503,0.0
6504,8.0
6505,0.0
6506,2.2
6507,1.2
6508,0.0
6509,0.0
6510,0.0
6511,91.0
6512,0.0
6513,0.2
6514,
6515,0.7
6516,48.0
6517,0.0
6518,0.0
6519,0.6
6520,0.7
6521,0.0
6522,0.0
6523,0.0
6524,0.0
6525,0.1
6526,
6527,
6528,
6529,0.7
6530,
6531,0.0
6532,0.0
6533,3.0
6534,0.0
6535,0.0
6536,0.0
6537,0.0
6538,
6539,0.0
6540,0.0
6541,177.0
6542,0.0
6543,0.0
6544,68.0
6545,8.0
6546,6.9
6547,0.0
6548,
6549,0.0
6550,0.3
6551,17.9
6552,0.0
6553,0.0
6554,10.3
6555,
6556,0.0
6557,2.3
6558,0.0
6559,3.4
6560,4.9
6561,22.2
6562,0.0
6563,3.7
6564,0.0
6565,0.0
6566,0.0
6567,0.0
6568,
6569,0.0
6570,0.0
6571,0.0
6572,18.2
6573,0.0
6574,0.0
6575,0.0
6576,0.0
6577,6.0
6578,48.8
6579,0.0
6580,0.0
6581,16.6
6582,11.0
6583,0.0
6584,100.0
6585,3.8
6586,0.0
6587,0.0
6588,0.0
6589,
6590,0.0
6591,0.0
